reviewsPerDay_user,percentageReviews_user,word_count,deviatonReviewHotel
0.16570327552986513,0.0,9,-2.0
0.04880478087649402,0.0,48,0.0
0.08869908015768725,0.0,84,-2.0
0.09236234458259325,0.0,274,2.0
0.022339027595269383,0.0,14,-2.0
0.04292929292929293,0.0,106,-2.5
0.10450819672131148,0.0,128,-0.5
0.17,0.0,177,-3.0
0.01164021164021164,0.0,88,-0.5
0.04734299516908213,0.0,111,-2.0
0.12807881773399016,0.0,51,-2.0
0.01639344262295082,0.0,59,-1.5
0.008216926869350863,0.0,139,1.5
0.02513291445142581,0.5,81,1.0
0.03278688524590164,0.0,19,0.0
0.032137518684603884,0.0,299,-1.0
0.024886877828054297,0.0,90,-0.5
0.0036429872495446266,0.0,134,0.0
0.00328484279680901,1.0,44,0.5
0.39904761904761904,0.6666666666666666,232,0.5
0.06832627118644068,0.5,379,-2.0
0.11627906976744186,0.0,107,0.0
0.006690997566909975,1.0,67,-1.5
0.010657193605683837,0.0,42,0.5
0.045714285714285714,0.0,180,-1.5
0.08029197080291971,0.0,263,-0.5
0.053927315357561546,0.0,200,0.0
0.05901639344262295,0.0,181,1.0
0.01639344262295082,0.0,191,-2.5
0.18340611353711792,0.0,77,-2.5
0.1719047619047619,0.0,415,0.0
0.021714922048997772,0.0,30,-1.5
0.10242376856919469,0.0,190,-2.0
0.01674179008370895,0.0,44,0.5
0.03285024154589372,0.0,40,-1.0
0.040032025620496396,0.0,97,-2.5
0.009382329945269743,0.0,78,0.5
0.39470899470899473,0.6666666666666666,106,0.5
0.05885036496350365,0.0,181,-2.5
0.010956175298804782,0.0,420,1.5
0.053784860557768925,0.0,172,0.5
0.004484304932735426,0.0,82,0.5
0.02390438247011952,0.0,102,1.5
0.08096280087527352,0.0,58,2.5
0.38466803559206025,0.0,246,1.0
0.07620164126611957,1.0,286,1.5
0.09510086455331412,0.5,172,2.0
0.8642857142857143,0.3,318,0.5
0.01445466491458607,0.0,63,-0.5
0.21068859198355602,0.0,103,0.0
0.09090909090909091,0.0,382,1.0
0.348989898989899,0.0,172,0.0
0.0017761989342806395,1.0,63,0.0
0.011545293072824156,0.0,78,2.0
0.0077269800386349004,0.0,34,-0.5
0.010948905109489052,1.0,488,-2.5
0.04527363184079602,0.0,58,-2.5
0.01912568306010929,0.0,141,-1.0
0.016793893129770993,1.0,83,1.5
0.04154589371980676,0.0,194,-3.0
0.23572296476306198,0.0,443,0.0
0.07095238095238095,1.0,135,0.5
0.00423728813559322,1.0,196,0.5
0.04338624338624339,0.0,202,1.0
0.08168421052631579,0.5,64,-0.5
0.028284671532846715,0.0,365,0.0
0.13966725043782838,0.0,241,1.0
0.11475409836065574,0.0,506,-0.5
0.08695652173913043,1.0,102,0.5
0.16142270861833105,0.0,297,-0.5
0.0015267175572519084,0.0,123,0.0
0.1472636815920398,0.0,75,1.0
0.12507896399241947,0.0,22,0.0
0.12535496957403652,0.0,149,0.0
0.01002227171492205,0.0,142,2.5
0.06051873198847262,0.0,91,1.5
0.0036477331943720686,0.0,41,-0.5
0.1704312114989733,0.0,173,0.5
0.012385568120624663,0.0,137,-3.5
0.00702576112412178,0.0,101,0.5
0.12857142857142856,0.0,257,-1.5
0.036619718309859155,0.0,89,1.5
0.08463251670378619,0.5,328,-2.0
0.29143897996357016,1.0,188,-0.5
0.01603053435114504,0.0,154,0.0
0.10063965884861407,0.0,182,0.5
0.02441077441077441,0.0,123,0.5
0.18091603053435115,0.0,116,-0.5
0.015151515151515152,0.0,68,-0.5
0.03582089552238806,0.0,69,1.0
0.5723310170562224,0.0,118,-1.0
0.1487964989059081,0.0,243,2.0
0.26143024618991795,0.0,345,-3.5
0.003457216940363008,0.0,165,1.0
0.049253731343283584,0.0,468,0.5
0.011861313868613138,1.0,380,-1.0
0.010948905109489052,1.0,209,0.5
0.107981220657277,0.5,176,1.0
0.049253731343283584,0.0,132,0.5
0.5885111371629543,0.0,153,-0.5
0.29524886877828055,0.0,159,1.0
0.11668107173725151,0.0,185,-0.5
0.06307490144546649,0.0,143,-0.5
0.09214285714285714,0.0,114,-0.5
0.09692796610169492,0.5,104,-2.5
0.09715994020926756,0.0,33,1.0
0.021464646464646464,0.0,178,2.0
0.426885582349923,0.25,38,1.0
0.15438761145002347,0.0,314,0.5
0.10328638497652583,0.0,155,0.5
0.031630170316301706,0.0,254,-1.0
0.01583710407239819,0.0,62,2.0
0.06947368421052631,0.0,123,-3.0
0.023155627355950458,0.0,30,1.0
0.09465648854961832,0.0,182,0.5
0.0009523809523809524,0.0,60,-0.5
0.003755868544600939,0.0,155,1.0
0.48314606741573035,0.0,40,0.0
0.10597014925373134,1.0,115,1.0
0.043787629994526546,0.0,294,-2.0
0.06271435570798628,1.0,181,0.0
0.03283173734610123,0.0,123,1.0
0.35390946502057613,0.0,178,0.5
0.004672897196261682,0.0,146,0.5
0.006823027718550106,0.0,56,1.5
0.30434782608695654,0.0,22,0.0
0.008838383838383838,0.0,60,0.5
0.02185792349726776,0.0,89,2.0
0.07205240174672489,1.0,109,-0.5
0.08522283033620015,0.0,107,1.0
0.03453947368421053,1.0,112,0.0
0.07164179104477612,0.0,450,-2.5
0.04310344827586207,0.0,187,1.5
0.11363636363636363,0.0,182,0.5
0.36065573770491804,0.2,118,-0.5
0.12750455373406194,1.0,275,0.0
0.024017467248908297,0.0,109,1.0
0.358695652173913,0.0,230,-3.0
0.5164203612479474,0.0,150,-1.0
0.00823045267489712,0.0,120,1.0
0.029197080291970802,1.0,280,1.0
0.01791044776119403,0.0,312,0.0
0.4010806317539485,0.0,101,-1.0
0.26327312534209085,0.0,284,0.0
0.09131403118040089,0.0,94,2.0
0.0025252525252525255,0.0,115,0.0
0.2839160839160839,0.0,320,-1.0
0.00676328502415459,0.0,106,2.0
0.18961293483586478,0.0,324,1.5
0.18591101694915255,0.0,19,1.0
0.009748589020010261,0.0,38,1.0
0.06084867894315452,1.0,244,0.0
0.1735052754982415,0.0,271,-1.0
0.04288321167883212,0.0,301,-2.0
0.06787330316742081,0.0,215,-2.0
0.05447070914696814,1.0,90,-2.0
0.11449159327461969,0.0,214,-0.5
0.014778325123152709,0.0,81,0.5
0.07939767282683094,0.0,49,1.5
0.17488789237668162,0.5,104,-1.5
0.2579185520361991,0.0,200,-2.0
0.209531635168447,0.0,99,0.0
0.19239793524167056,1.0,404,0.0
0.08350444900752908,0.0,114,0.0
0.06609808102345416,0.0,273,-2.5
0.1307490144546649,0.25,132,-1.5
0.26808699511762096,0.0,235,0.5
0.014609203798392988,0.5,169,-0.5
0.07431340872374798,0.0,205,0.0
0.12813908564069543,0.0,173,-2.0
0.017142857142857144,0.0,103,-2.0
0.06201146430432517,0.0,125,-2.0
0.21311475409836064,0.0,53,-2.5
0.0608955223880597,1.0,56,0.0
0.1791044776119403,0.0,180,-2.5
0.06369426751592357,0.0,64,-2.5
0.005291005291005291,0.0,72,-1.0
0.29311433986102337,0.0,168,-2.5
0.012380952380952381,0.5,46,-2.5
0.013756613756613757,1.0,249,0.0
0.23541247484909456,0.0,4,-2.0
0.10353535353535354,0.0,14,-1.5
0.02969046114971573,0.0,97,1.0
0.0038535645472061657,0.0,136,1.0
0.032679738562091505,0.0,149,1.0
0.07034914017717561,0.0,203,1.0
0.014250309789343246,0.0,177,0.5
0.009198423127463863,0.0,130,2.0
0.029394812680115272,0.0,460,-0.5
0.04064587973273942,1.0,65,1.0
0.07846481876332623,1.0,52,1.5
0.11829077644606566,0.0,64,0.0
0.07944962272525521,1.0,86,1.5
0.0036496350364963502,0.0,39,2.0
0.10067873303167421,0.0,153,0.5
0.006535947712418301,0.0,233,0.5
0.05202312138728324,0.0,44,0.5
0.03146374829001368,0.0,1,0.0
0.17354638260097646,0.0,236,1.5
0.08285714285714285,0.0,259,-2.0
0.03230849400729546,0.0,150,0.0
0.048091603053435114,0.0,97,0.5
0.21493624772313297,0.0,40,-2.5
0.2324699936828806,0.0,276,0.0
0.13438967136150234,0.0,617,0.0
0.028400597907324365,1.0,160,-2.0
0.04085257548845471,0.0,150,-0.5
0.048095238095238094,1.0,645,-0.5
0.13817330210772832,0.0,41,0.0
0.2142298670836591,1.0,190,-2.0
0.2151394422310757,0.0,182,0.0
0.04364736387208297,0.5,251,0.0
0.06930693069306931,1.0,89,1.5
0.13134328358208955,0.5,104,-1.5
0.125181246979217,0.0,57,0.5
0.06204379562043796,0.0,28,-2.5
0.20515097690941386,0.0,137,1.0
0.011861313868613138,0.0,265,0.5
0.04,0.0,109,0.0
0.00546448087431694,0.0,266,1.0
0.013432835820895522,0.0,122,0.5
0.14615384615384616,0.0,395,1.5
0.6005256241787122,0.0,110,1.0
0.4934354485776805,0.3333333333333333,266,1.0
0.2220484753713839,0.0,14,-1.0
0.009533898305084746,0.0,84,-1.0
0.15321477428180574,0.0,181,-0.5
0.03568075117370892,0.0,18,0.5
0.1020979020979021,0.0,305,0.5
0.07427677873338545,0.5,156,0.0
0.6876190476190476,1.0,491,-0.5
0.31995831162063576,0.0,243,-1.0
0.1900763358778626,0.0,242,-0.5
0.02107728337236534,0.0,115,0.0
0.03975799481417459,1.0,292,0.0
0.0900131406044678,0.0,218,-1.5
0.008216529724504592,0.5,110,-1.5
0.07045636509207366,0.0,401,-1.0
0.010101010101010102,0.0,121,0.0
0.035127055306427506,0.0,83,-1.0
0.008674101610904586,0.0,213,1.5
0.1267316572601334,0.0,193,1.5
0.19035402770651616,0.0,70,0.0
0.05176767676767677,0.0,93,0.5
0.055281882868089764,1.0,253,0.0
0.007042253521126761,0.0,199,0.0
0.04896042924211938,0.0,246,0.0
0.0072992700729927005,0.0,174,1.0
0.26800587947084764,0.0,202,-2.0
0.008450704225352112,0.0,59,-1.5
0.04827586206896552,0.0,106,0.0
0.11648139197680038,0.0,68,0.0
0.030377266046055854,0.0,208,-0.5
0.05158264947245018,0.0,708,-2.0
0.01569506726457399,0.0,563,-0.5
0.03275529865125241,0.0,36,0.5
0.06936416184971098,0.0,214,0.5
0.05065023956194387,0.0,171,1.0
0.25677896466721445,0.0,35,-0.5
0.07564422277639235,0.0,14,0.5
0.008733624454148471,0.0,55,1.5
0.12089671737389912,1.0,64,0.5
0.00505369551484523,0.0,24,1.0
0.1338308457711443,0.0,96,2.0
0.4594959495949595,0.0,23,0.5
0.5412587412587413,0.0,75,0.5
0.17372515125324114,0.0,91,1.0
0.13973268529769137,0.0,216,-3.0
0.01576872536136662,0.0,395,1.5
0.1691919191919192,0.5,62,2.5
0.761384335154827,1.0,118,0.5
0.510593220338983,1.0,225,-1.5
0.1111111111111111,0.0,764,-1.0
0.24672489082969432,1.0,115,0.5
0.002857142857142857,0.0,96,1.0
0.07103825136612021,1.0,300,0.0
0.0036452004860267314,0.0,181,0.0
0.0582010582010582,0.0,369,-0.5
0.004830917874396135,1.0,246,0.5
0.018764659890539485,0.0,65,1.5
0.11896551724137931,0.0,60,1.5
0.02328042328042328,0.0,90,-1.0
0.23326315789473684,1.0,245,-2.0
0.045454545454545456,0.0,41,1.0
0.06147540983606557,0.0,65,-0.5
0.12,1.0,295,0.5
0.009382329945269743,0.0,15,1.0
0.00819672131147541,0.0,64,-1.0
0.030303030303030304,1.0,15,0.0
0.041428571428571426,0.0,137,0.0
0.22428748451053285,0.0,229,-1.5
0.22984206151288444,0.0,51,0.5
0.16742700729927007,0.0,68,1.0
0.1591737545565006,0.0,221,0.5
0.003289473684210526,0.0,109,0.5
0.043824701195219126,0.0,63,-1.0
0.009378663540445486,0.0,110,-2.0
0.03453947368421053,0.0,171,0.5
0.3064275037369208,0.0,523,0.0
0.014925373134328358,0.0,73,0.5
0.25554642563681185,0.0,143,0.0
0.1616294349540079,1.0,179,1.5
0.02727272727272727,0.0,211,0.0
0.026707530647985988,0.0,21,-1.0
0.05808080808080808,0.0,173,-1.0
0.5335664335664335,0.0,53,-1.0
0.1061269146608315,0.0,144,-1.5
0.12213740458015267,0.0,82,0.0
0.22737556561085973,1.0,67,-1.0
0.10346964064436183,0.0,150,-0.5
0.06720233747260775,0.0,106,1.0
0.03566433566433566,1.0,74,1.0
0.026386645126548196,0.0,27,1.0
0.054019014693171996,1.0,54,1.5
0.054285714285714284,0.0,409,-1.0
0.10506502395619438,1.0,146,1.0
0.336231884057971,0.0,83,0.0
0.04371584699453552,0.0,54,0.0
0.023722627737226276,0.0,117,0.0
0.0008417508417508417,1.0,257,0.0
0.051387461459403906,0.0,36,-0.5
0.3900434992750121,0.0,14,1.5
0.08811305070656691,1.0,128,1.0
0.0037019898195279964,1.0,10,1.5
0.025325119780971937,0.0,42,-1.0
0.012437810945273632,0.0,251,-3.0
0.015317286652078774,0.0,91,2.5
0.0413625304136253,0.0,17,1.5
0.04148471615720524,0.0,178,1.0
0.06136560069144339,0.0,99,0.5
0.10015649452269171,0.0,101,1.0
0.18720657276995306,0.5,52,1.5
0.09492047203694202,0.0,131,0.5
0.007658643326039387,0.0,298,0.5
0.007575757575757576,0.0,137,1.5
0.035766070565490575,1.0,239,0.0
0.004477611940298508,1.0,218,-0.5
0.024967148488830485,1.0,90,0.5
0.10206561360874848,1.0,94,0.0
0.09080962800875274,0.0,107,1.5
0.018150388936905792,0.0,59,1.0
0.040097205346294046,0.0,38,0.0
0.0019710906701708277,0.0,18,0.0
0.12340710932260228,0.0,256,-1.5
0.05228758169934641,0.0,36,2.0
0.009720534629404616,1.0,192,0.5
0.01644736842105263,0.0,120,-1.5
0.00796812749003984,0.0,257,-1.0
0.19973718791064388,0.0,127,-1.5
0.24772313296903462,0.0,114,-0.5
0.33401779603011633,0.0,172,0.0
0.13802816901408452,0.0,281,-4.0
0.013574660633484163,0.0,225,-1.0
0.03880597014925373,0.0,123,-1.0
0.03333333333333333,0.0,32,0.0
0.08566853482786228,0.0,42,-2.0
0.0591044776119403,1.0,59,-2.0
0.11019816336394393,0.0,92,-1.0
0.21047619047619048,0.0,335,-2.5
0.004337050805452293,1.0,175,-1.5
0.09338122113904566,0.0,155,0.0
0.01576872536136662,1.0,117,0.0
0.13134940995382247,0.0,81,0.0
0.016853932584269662,1.0,111,1.5
0.19570135746606335,0.0,256,-0.5
0.18256475047378395,0.0,117,-1.5
0.1530720338983051,0.0,165,0.0
0.22165212929707542,0.0,128,-1.5
0.004692632566870014,1.0,154,-0.5
0.005050505050505051,1.0,29,-2.0
0.09236641221374046,0.0,126,-2.0
0.03233830845771144,0.0,213,0.0
0.0333176912247771,0.0,114,0.0
0.049581455247907275,0.3333333333333333,98,-1.5
0.0746941403734707,0.0,93,0.5
0.03747072599531616,0.0,170,2.0
0.013689253935660506,0.0,88,-0.5
0.8626865671641791,1.0,84,-3.0
0.027881040892193308,1.0,146,-0.5
0.027888446215139442,0.0,48,-1.0
0.07164179104477612,0.0,107,-1.0
0.0026055237102657635,0.0,8,0.5
0.07997010463378176,1.0,73,-0.5
0.023086269744835967,0.0,189,-1.0
0.016097875080489377,0.0,210,-1.0
0.45454545454545453,0.0,188,0.0
0.05458515283842795,0.0,41,1.0
0.28714285714285714,0.0,62,0.0
0.12089356110381078,0.0,118,1.0
0.1522633744855967,0.0,767,0.5
0.7725837018319647,0.0,50,-1.0
0.022900763358778626,0.0,68,0.5
0.1265671641791045,0.0,67,-1.0
1.3183949973944762,0.0,67,0.5
0.0683311432325887,0.0,110,-1.0
0.05113221329437546,0.0,279,-0.5
0.0297339593114241,0.0,81,0.5
0.25278396436525613,0.0,285,0.0
0.02910798122065728,0.0,93,0.5
0.028755868544600938,0.0,48,0.5
0.09797482211275314,0.0,236,0.5
0.021612635078969242,0.0,183,0.0
0.09015188633023027,1.0,158,-1.0
0.11551724137931034,1.0,35,-1.0
0.043478260869565216,0.0,85,-1.0
0.043215211754537596,0.0,150,-0.5
0.03491401771756123,0.0,177,-2.0
0.035,0.0,215,0.5
0.15017513134851138,1.0,33,-3.0
0.09195402298850575,0.0,247,-0.5
0.02188183807439825,1.0,461,0.5
0.007918552036199095,0.0,282,1.0
0.17694155324259409,0.0,121,0.0
0.05114969497888315,0.0,142,-0.5
0.5736126840317101,0.0,92,-3.0
0.11475409836065574,1.0,98,-1.0
0.03142857142857143,0.0,49,0.0
0.20624663435648896,0.0,232,-2.0
0.00597609561752988,1.0,118,1.0
0.011401743796109993,1.0,5,2.0
0.00823045267489712,1.0,58,0.0
0.11354466858789625,0.5,398,0.5
0.21043771043771045,1.0,53,0.0
0.24976525821596243,1.0,90,-2.5
0.00411522633744856,1.0,277,-1.5
0.0036496350364963502,1.0,104,1.0
0.009836065573770493,1.0,189,0.5
0.02759526938239159,0.0,464,1.0
0.22907290729072907,0.0,581,1.5
0.00819672131147541,0.0,110,0.0
0.028037383177570093,0.0,72,0.0
0.027860696517412936,0.0,123,-1.5
0.05434782608695652,0.0,313,-0.5
0.0688037529319781,0.0,166,0.0
0.002737226277372263,1.0,204,0.0
0.6005818786367415,0.0,154,0.5
0.19856336582863007,1.0,114,1.5
0.1572962728995578,1.0,243,1.0
0.06265206812652069,0.0,151,2.0
0.01831964624131396,0.0,314,1.5
0.016967706622879036,0.0,319,2.0
0.28590192644483364,0.0,216,1.0
0.09028727770177838,0.5,32,1.0
0.14551690347868693,0.0,70,-1.0
0.01405152224824356,0.0,237,0.0
0.10550670985654789,0.0,141,2.0
0.008465608465608466,1.0,118,0.0
0.16308040770101925,1.0,103,0.0
0.014344262295081968,1.0,302,1.0
0.005780346820809248,0.0,45,0.5
0.39655172413793105,0.0,94,0.5
0.2679282868525896,1.0,306,0.0
0.5579540122008447,0.0,118,1.5
0.09513023782559456,0.0,86,1.0
0.1563314226159458,0.0,34,0.0
0.16675351745700887,0.0,3,1.5
0.10434322033898305,0.0,337,-2.5
0.01445466491458607,0.0,130,-0.5
0.04360135900339751,0.0,154,-2.0
0.04310344827586207,0.0,208,0.0
0.03994673768308921,0.0,96,-3.0
0.015954950727358048,0.0,100,-3.0
0.024106400665004156,0.0,42,-1.5
0.032853025936599424,0.0,54,-0.5
0.16291049581455247,0.0,292,-1.0
0.03961136023916293,0.0,192,-2.5
0.006666666666666667,1.0,192,1.5
0.00788436268068331,0.0,419,-2.0
0.031297709923664124,0.0,50,-2.0
0.006313131313131313,0.0,76,-2.5
0.08846584546472565,0.0,36,0.5
0.20603907637655416,0.0,47,0.0
0.20432692307692307,0.0,171,0.0
0.038686987104337635,0.0,261,0.5
0.02292441140024783,1.0,121,0.5
0.020365752285951787,0.0,290,-0.5
0.005633802816901409,1.0,248,0.5
0.12685125563425628,1.0,247,0.0
0.009285714285714286,0.0,67,1.0
0.015240328253223915,0.3333333333333333,73,0.5
0.01639344262295082,0.0,42,-0.5
0.036065573770491806,0.0,223,-0.5
0.17937219730941703,0.0,176,-1.0
0.07208029197080291,0.0,157,1.0
0.1153588195841717,0.0,234,0.0
0.24977497749774977,0.0,119,0.0
0.1138353765323993,0.0,155,-0.5
0.14285714285714285,0.0,264,0.5
0.07836696386672924,0.0,177,-2.0
1.2199504337050806,0.0,193,1.5
0.12315270935960591,0.0,296,0.5
0.03636363636363636,0.0,105,0.0
0.0025252525252525255,0.0,112,-1.0
0.004156275976724855,0.0,262,0.0
0.035748792270531404,0.0,214,-3.0
0.48818443804034584,0.0,90,1.0
0.0036429872495446266,0.0,153,0.0
0.03333333333333333,1.0,91,1.0
0.1266284523189161,0.0,317,2.0
0.06666666666666667,0.0,105,2.0
0.24776119402985075,0.0,115,1.0
0.04208754208754209,0.0,149,0.0
0.034934497816593885,0.0,104,0.5
0.0023880597014925373,0.0,68,1.5
0.09262948207171315,0.0,45,0.0
0.01639344262295082,1.0,91,2.0
0.06748826291079812,0.0,209,0.5
0.03178738926524231,0.0,159,-0.5
0.32722678458622867,0.0,35,1.0
0.0013986013986013986,0.0,34,0.5
0.11908396946564885,0.0,139,0.5
0.01200960768614892,0.0,33,-0.5
0.3159682899207248,0.0,183,1.0
0.09796149490373726,0.0,423,-2.0
0.10699152542372882,0.3333333333333333,61,1.5
0.06206896551724138,0.0,119,1.5
0.03187250996015936,0.0,97,-1.5
0.07377049180327869,0.0,281,-0.5
0.05944055944055944,0.0,164,1.0
0.027991886409736308,1.0,344,1.0
0.11287278218195546,1.0,378,0.0
0.036619718309859155,0.0,80,2.0
0.14285714285714285,0.0,140,-1.0
0.0024875621890547263,0.0,159,-3.5
0.048357664233576646,0.0,53,0.0
0.12885840274375307,0.0,59,-0.5
0.03631123919308357,0.0,142,-3.0
0.014073494917904612,0.0,99,-2.0
0.007629107981220657,0.0,9,-3.0
0.009389671361502348,0.0,202,0.5
0.0958686440677966,0.0,89,0.0
0.0396588486140725,0.0,260,0.5
0.07249626307922272,0.0,63,-1.5
0.03514132925897632,1.0,57,1.0
0.04282868525896414,0.0,45,-0.5
0.005185825410544511,0.0,262,1.5
0.11300919842312747,1.0,214,-4.0
0.056466302367941715,1.0,54,0.0
0.01904761904761905,0.0,221,-1.0
0.009389671361502348,0.0,149,0.5
0.08039906103286384,0.0,15,2.0
0.007992895204262877,0.0,306,0.0
0.16588419405320814,1.0,361,-1.0
0.1703056768558952,1.0,132,-0.5
0.18206039076376554,0.5,64,-2.0
0.1444991789819376,1.0,863,-3.0
0.05369551484523057,0.0,63,1.0
0.20909090909090908,0.0,235,-1.0
0.054136253041362534,1.0,290,-1.0
0.009633911368015413,1.0,530,1.0
0.045714285714285714,0.0,230,1.5
0.07262247838616714,1.0,57,0.0
0.015384615384615385,0.0,87,0.5
0.035375868603916616,1.0,195,1.5
0.027142857142857142,0.0,124,0.0
0.07490144546649145,1.0,160,-1.5
0.09541984732824428,0.0,63,0.0
0.08,0.0,28,0.5
0.0492379835873388,0.0,204,-1.0
0.004107981220657277,0.0,134,-1.5
0.003963759909399773,0.0,129,-1.0
0.004830917874396135,1.0,82,-0.5
0.029411764705882353,0.0,23,1.5
0.07832422586520947,0.0,77,2.0
0.022900763358778626,0.0,58,1.5
0.0680952380952381,0.0,78,-2.0
0.022407503908285567,0.0,42,0.0
0.025252525252525252,0.0,53,2.5
0.5740131578947368,0.0,44,0.0
0.05285714285714286,0.0,210,-0.5
0.007575757575757576,0.0,47,1.0
0.24967148488830487,0.0,5,-0.5
0.12444879960803527,0.0,222,-1.0
0.07044776119402985,0.0,199,-0.5
0.09642857142857143,1.0,81,1.5
0.1701492537313433,0.0,5,-1.0
0.15536105032822758,0.0,88,0.5
0.18880148079592782,0.0,353,1.0
0.07525252525252525,0.0,167,0.0
0.10380267214799589,0.0,140,-1.5
0.014344262295081968,0.0,155,0.0
0.022885572139303482,0.0,143,-1.0
0.07303370786516854,0.0,122,0.0
0.10101010101010101,0.0,65,0.0
0.005,0.0,186,0.5
0.0735873850197109,1.0,172,-2.0
0.02951002227171492,0.5,120,-1.0
0.07605344295991778,0.0,466,-2.5
0.04495747266099635,0.0,101,-1.0
0.007818608287724784,0.0,40,0.5
0.01136842105263158,1.0,241,1.0
0.004694835680751174,0.0,165,1.0
0.006570302233902759,0.0,43,0.0
0.029009304871373837,0.0,390,0.5
0.014285714285714285,0.0,300,1.0
0.21344800625488664,0.0,220,-2.5
0.0647410358565737,0.0,104,-0.5
0.03864734299516908,0.0,168,0.5
0.030054644808743168,0.0,57,-2.0
0.19204042956411876,0.0,129,-1.5
0.16897810218978102,0.0,107,0.0
0.01535181236673774,1.0,418,0.0
0.05785770132916341,0.0,376,-2.0
0.18159408381265407,0.0,126,-2.0
0.05285714285714286,0.0,47,0.0
0.0626865671641791,0.0,179,1.0
0.01693175987685993,0.0,48,-3.0
0.06295620437956205,0.0,203,-1.5
0.2645985401459854,0.0,80,-4.0
0.38618346545866367,0.0,16,-2.0
0.4710467706013363,0.0,197,-2.5
0.02513291445142581,0.0,49,-2.0
0.010803802938634399,1.0,110,1.0
0.03156565656565657,0.0,748,-1.0
0.056666666666666664,0.0,59,0.5
0.15031503150315031,0.0,114,-0.5
0.1867396593673966,0.0,45,-0.5
0.10419026047565119,1.0,20,0.0
0.029153169828782972,0.0,33,0.5
0.08780795957043588,0.0,43,-1.0
0.07838983050847458,0.0,56,-1.0
0.025309639203015617,0.0,61,-0.5
0.007227332457293035,1.0,8,-0.5
0.9822574556436391,0.0,70,-0.5
0.03490759753593429,0.0,74,-2.0
0.008955223880597015,0.0,140,1.0
0.053323593864134405,0.0,312,-1.0
0.03785714285714286,0.0,219,-1.0
0.007778738115816767,0.0,177,-2.5
0.08113329040566646,0.0,61,-1.0
0.25244755244755246,1.0,60,0.0
0.01779603011635866,0.0,156,0.5
0.024630541871921183,0.5,336,-1.0
0.0032025620496397116,0.0,305,-2.5
0.010164190774042221,0.0,419,-0.5
0.026281208935611037,0.0,468,1.5
0.09836065573770492,0.0,206,1.5
0.06768558951965066,1.0,84,-1.0
0.15328467153284672,0.0,6,2.0
0.6,0.0,40,2.0
0.305978898007034,0.0,30,1.5
0.7287104622871047,0.0,82,0.5
0.05357142857142857,0.0,151,2.0
0.25821167883211676,0.0,213,-0.5
0.017412935323383085,0.0,75,0.5
0.06636005256241786,0.0,79,2.0
0.09762773722627738,0.0,118,0.0
0.18091603053435115,0.0,133,0.5
0.26142857142857145,0.0,115,1.0
0.1904301594973417,0.0,59,1.5
0.6881594372801876,0.0,93,1.5
0.024401689347724072,0.5,355,0.5
0.13436442725954567,1.0,163,1.0
0.03477141017385705,0.0,37,0.0
0.013291634089132134,0.0,90,3.0
0.006914433880726016,0.0,123,-2.0
0.03634232121922626,1.0,469,-1.0
0.006216696269982238,0.0,199,1.0
0.053462940461725394,1.0,180,2.0
0.08119402985074627,0.0,192,0.5
0.015161086544535692,0.0,279,0.5
0.044444444444444446,0.5,6,-1.5
0.012626262626262626,0.0,58,1.5
0.07662588538312942,0.0,201,0.0
0.19827923347673054,0.0,228,-1.0
0.23340177960301164,0.0,379,-2.5
0.08099824868651488,0.0,195,0.5
0.2603448275862069,0.0,47,1.0
0.012634238787113077,0.0,142,-0.5
0.01771756122980719,0.0,115,1.5
0.12453531598513011,0.0,152,1.0
0.00808080808080808,1.0,90,0.0
0.014344262295081968,0.0,81,-2.5
0.09090909090909091,0.0,199,1.0
0.1557377049180328,0.0,77,0.5
0.34965034965034963,0.0,292,0.5
0.00546448087431694,0.0,185,0.0
0.03125,0.0,224,-1.5
0.14925373134328357,0.0,48,0.0
0.013574660633484163,0.0,45,0.5
0.04895522388059702,0.0,208,-0.5
0.008206330597889801,1.0,258,0.0
0.11678321678321678,0.0,134,0.0
0.06243386243386243,0.0,121,0.0
0.006567164179104477,0.0,53,0.0
0.031044776119402984,0.0,121,-0.5
0.07761194029850746,1.0,190,0.0
0.0030534351145038168,0.0,122,-1.5
0.007816571130797291,0.0,80,0.5
0.2682060390763766,0.0,117,-1.0
0.15271493212669685,0.0,285,-1.0
0.008955223880597015,0.0,104,1.0
0.06632324533161622,0.0,70,1.5
0.1242672919109027,0.0,136,-0.5
0.01576182136602452,0.0,115,-0.5
0.29439252336448596,1.0,94,1.0
0.15664845173041894,1.0,139,-1.0
0.2563131313131313,0.0,86,-0.5
0.017614091273018415,0.0,29,0.0
0.005970149253731343,1.0,12,-2.5
0.017467248908296942,0.0,31,-0.5
0.1388888888888889,0.0,59,1.0
0.03543647363872083,1.0,174,1.0
0.2581052631578947,0.0,10,0.0
0.0901481004507405,0.0,51,-1.5
0.0025252525252525255,0.0,170,0.5
0.1606060606060606,0.0,233,-2.0
0.05502645502645503,0.0,338,0.5
0.05519053876478318,0.0,99,1.0
0.11145038167938931,0.0,199,0.0
0.033350436121087734,0.0,320,-0.5
0.10021321961620469,0.0,44,-0.5
0.0017761989342806395,0.0,113,0.0
0.041336353340883356,0.0,249,1.0
0.04882154882154882,0.0,61,-0.5
0.18535296338240845,0.0,154,-0.5
0.02021478205938092,0.0,129,3.0
0.047142857142857146,0.0,182,-3.0
0.011826544021024968,0.0,86,1.0
0.006216696269982238,0.0,148,0.0
0.014590932777488274,0.5,88,1.0
0.20598591549295775,0.0,698,-0.5
0.3038882597206493,0.3333333333333333,109,0.5
0.017982799061767005,1.0,48,-1.0
0.16058394160583941,0.0,3,2.0
0.058823529411764705,1.0,119,3.5
0.2716049382716049,1.0,104,0.5
0.040983606557377046,0.0,46,0.0
0.01206896551724138,1.0,89,1.0
0.022727272727272728,0.0,39,1.0
0.27432590855803046,0.0,171,0.5
0.016714697406340056,1.0,71,0.5
0.04978813559322034,1.0,77,-1.5
0.1111111111111111,1.0,125,-1.0
0.19375500400320256,0.0,155,0.0
0.1180327868852459,1.0,110,1.0
0.18516421291053228,0.0,188,3.0
0.040735873850197106,0.0,107,0.5
0.009259259259259259,1.0,38,-0.5
0.24,1.0,72,2.0
0.04311611954924057,0.0,138,1.0
0.3557466770914777,0.0,127,1.0
0.15488215488215487,0.0,77,-0.5
0.07951598962834917,0.0,314,0.0
0.7123416236508682,0.0,204,-0.5
0.3938931297709924,0.0,420,1.0
0.08326661329063251,0.0,421,-1.5
0.09521158129175947,1.0,229,-2.5
0.048642533936651584,0.0,126,-1.5
0.028823058446757407,0.0,131,-1.0
0.007415254237288136,0.0,327,0.5
0.006147540983606557,0.0,431,0.5
0.009259259259259259,0.0,140,-2.0
0.4411940298507463,0.0,201,-1.5
0.11019929660023446,0.0,372,-0.5
0.018571428571428572,0.0,40,1.0
0.006313131313131313,0.0,101,0.0
0.0036496350364963502,0.0,42,-1.0
0.010956175298804782,0.0,136,-1.5
0.006313131313131313,0.0,129,2.5
0.004776119402985075,0.0,139,-1.5
0.014344262295081968,0.0,171,0.0
0.46311475409836067,0.0,158,2.5
0.02292441140024783,0.0,33,0.5
0.0056625141562853904,0.0,385,-0.5
0.03787878787878788,1.0,96,0.0
0.04526748971193416,0.0,202,2.0
0.024427480916030534,0.0,25,1.0
0.21314741035856574,0.0,219,0.0
0.17751105495893874,0.0,69,1.5
0.2361268403171008,0.0,79,-0.5
0.047619047619047616,0.0,89,0.5
0.017584994138335287,1.0,62,1.0
0.051001821493624776,0.0,125,0.0
0.31143552311435524,0.0,130,-1.5
0.17313432835820897,0.0,139,1.0
0.08394160583941605,0.0,220,1.0
0.012895662368112544,0.0,42,2.5
0.04950495049504951,1.0,331,-1.0
0.13360739979445016,0.0,136,1.0
0.054285714285714284,0.0,76,0.5
0.019650655021834062,0.0,40,-1.5
0.227728285077951,0.0,28,2.0
0.0033333333333333335,0.0,4,1.0
0.05524449421425905,0.0,239,-1.5
0.2089116143170197,1.0,131,-0.5
0.16557161629434955,0.0,163,0.0
0.11026936026936027,0.0,23,-1.0
0.06203288490284006,0.0,210,0.0
0.09154228855721393,0.0,219,0.0
0.17297979797979798,0.0,174,1.5
0.23,0.0,131,-2.5
0.42560175054704596,0.0,104,0.0
0.018357487922705314,0.0,278,-1.5
0.05041031652989449,0.0,145,1.0
0.017142857142857144,1.0,71,-1.0
0.033566433566433566,0.0,249,1.0
0.01639344262295082,0.0,190,-2.0
0.044566067240031274,0.0,241,-1.0
0.017467248908296942,0.0,219,0.0
0.00468384074941452,0.0,403,1.0
0.004672897196261682,0.0,3,1.0
0.42949130714745654,0.0,254,-1.0
0.06352459016393443,0.0,218,1.0
0.04776119402985075,0.0,106,1.5
0.08672798948751642,0.0,227,0.0
0.3740379681888148,0.5,521,0.0
0.15443817342226782,0.0,428,-1.0
0.08672219500244978,0.0,165,0.0
0.1818734793187348,0.0,165,0.0
0.06557377049180328,0.5,321,-1.0
0.08077544426494346,0.0,300,3.0
0.029058749210360075,0.0,143,3.0
0.020328381548084442,0.0,155,0.0
0.012332990750256937,1.0,84,2.0
0.025396825396825397,0.0,310,2.5
0.0784313725490196,0.0,201,0.5
0.07186858316221766,0.0,365,0.0
0.21159420289855072,0.0,302,-2.0
0.9518304431599229,0.0,172,0.5
0.2450657894736842,0.0,360,0.5
0.0707070707070707,1.0,101,0.0
0.3777372262773723,0.0,127,-1.5
0.08278580814717477,0.0,101,-0.5
0.7429906542056075,0.0,110,-0.5
0.03048065650644783,0.0,84,-2.0
0.49250845819236344,0.0,453,0.5
0.01828761429758936,0.0,161,1.0
0.18582541054451165,1.0,30,-0.5
0.0890713834491472,0.0,140,-0.5
0.199203187250996,0.0,93,-0.5
0.13043478260869565,0.0,9,1.5
0.3418734987990392,1.0,61,0.0
0.14191852825229961,0.0,135,-0.5
0.2843866171003718,0.0,75,-2.5
0.03192488262910798,0.0,163,0.5
0.6266447368421053,0.0,37,0.0
0.03278688524590164,1.0,255,-1.0
0.16930917327293318,0.0,84,-1.5
0.15669160432252702,0.0,426,0.5
0.23898012100259292,0.0,109,0.5
0.16716417910447762,1.0,38,-1.0
0.42997118155619596,1.0,304,-2.0
0.05,0.0,80,-1.0
0.12428571428571429,1.0,77,-1.5
0.3784860557768924,0.0,113,-2.0
0.1849921834288692,0.0,334,-0.5
0.27702161729383507,0.0,129,0.0
0.026281208935611037,0.0,75,0.0
0.027359781121751026,0.0,71,-2.0
0.03437660338635198,0.0,30,0.0
0.24422780913288866,0.0,48,1.0
0.07221006564551423,0.0,41,0.5
0.02857142857142857,0.0,2,0.5
0.18159203980099503,0.0,76,0.0
0.011169513797634692,0.0,74,0.0
0.10682004930156122,0.0,404,-2.5
0.05048076923076923,0.0,76,1.0
0.05114503816793893,0.0,89,-0.5
0.018856447688564478,0.0,194,1.0
0.12205387205387205,0.0,242,0.5
0.05101010101010101,1.0,166,-2.5
0.26204238921001927,0.0,165,-1.0
0.02962009014810045,0.0,102,0.0
0.3067123958843704,0.0,435,-1.0
0.2188782489740082,0.0,155,-1.5
0.21652129297075423,0.0,90,-0.5
0.039285714285714285,0.0,213,1.0
0.0364963503649635,0.0,97,0.0
0.024649589173513776,0.0,323,0.0
0.002191380569758948,0.0,167,0.0
0.032857142857142856,0.0,273,0.5
0.17614091273018415,0.0,70,1.5
0.006993006993006993,0.0,205,-2.0
0.12799452429842573,0.0,561,-2.5
1.1847328244274808,0.0,227,-3.0
0.41313050440352284,0.0,57,-2.0
0.13145539906103287,0.0,70,-3.0
0.03823371028540657,0.0,143,-1.0
0.2300469483568075,0.0,146,0.0
0.085177733065057,0.0,409,0.0
0.1121999020088192,1.0,66,-2.0
0.01916058394160584,0.0,194,1.0
0.21215139442231076,0.0,237,-2.0
0.09132888660851719,1.0,159,1.0
0.011450381679389313,0.0,32,1.0
0.13711001642036125,0.0,98,-2.0
0.026200873362445413,0.0,29,-1.0
0.0029895366218236174,0.0,124,0.5
0.13296903460837886,0.0,864,2.5
0.008718980549966466,0.0,531,-0.5
0.046564885496183206,0.0,81,1.0
0.061752988047808766,0.0,134,-0.5
0.08081705150976909,0.0,127,-1.5
0.022727272727272728,0.0,29,0.0
0.032805429864253395,0.0,91,0.0
0.005050505050505051,1.0,81,1.0
0.04734299516908213,0.0,393,-2.0
0.0038535645472061657,0.0,35,-0.5
0.010869565217391304,0.0,95,0.0
0.019672131147540985,0.0,142,-1.5
0.013114754098360656,0.0,113,0.0
0.04507042253521127,1.0,221,-1.0
0.0017241379310344827,0.0,129,1.0
0.001644736842105263,0.0,203,0.0
0.0013679890560875513,1.0,263,0.5
0.0012626262626262627,0.0,201,-2.5
0.1522248243559719,0.3333333333333333,61,-1.5
0.00273224043715847,0.0,74,1.0
0.007227332457293035,1.0,30,-2.0
0.003550821127385708,0.0,78,0.0
0.0018214936247723133,0.0,288,0.0
0.018779342723004695,0.0,3,0.0
0.00411522633744856,1.0,141,1.5
0.003552397868561279,0.0,8,1.0
0.06321839080459771,0.0,65,1.5
0.0025252525252525255,0.0,11,2.0
0.0008417508417508417,0.0,196,-1.5
0.00796812749003984,0.0,63,0.0
0.00099601593625498,0.0,41,0.5
0.0016012810248198558,1.0,67,-1.5
0.0018951358180669614,0.0,287,-1.5
0.02403846153846154,0.0,5,0.5
0.004860267314702308,0.0,248,0.5
0.09827586206896552,1.0,180,-2.5
0.26229508196721313,0.0,46,-2.0
0.01639344262295082,0.0,22,-3.0
0.00788436268068331,0.0,76,-1.0
0.017676767676767676,0.0,63,2.0
0.00819672131147541,0.0,22,0.0
0.006535947712418301,0.0,423,-2.0
0.0025252525252525255,1.0,165,1.0
0.003284072249589491,1.0,45,1.0
0.025252525252525252,1.0,94,1.5
0.023474178403755867,0.0,219,2.5
0.020689655172413793,1.0,201,0.5
0.005256241787122208,1.0,121,1.0
0.011940298507462687,1.0,53,1.0
0.005185825410544511,0.0,91,1.5
0.0009124087591240876,1.0,56,1.0
0.000864304235090752,0.0,245,1.0
0.0007818608287724785,1.0,111,2.0
0.0006706908115358819,1.0,36,1.5
0.032846715328467155,0.0,490,0.5
0.003129890453834116,0.0,112,1.0
0.0038535645472061657,0.0,174,0.5
0.18478260869565216,0.0,32,1.5
0.007285974499089253,0.0,129,0.5
0.0035169988276670576,0.0,465,1.5
0.008221225710014948,1.0,54,1.5
0.021739130434782608,1.0,54,1.0
0.00819672131147541,1.0,34,0.5
0.003278688524590164,0.0,232,2.5
0.007707129094412331,1.0,65,0.0
0.01932367149758454,0.0,156,0.5
0.0025252525252525255,1.0,384,1.0
0.002857142857142857,1.0,448,1.0
0.0006706908115358819,1.0,108,1.5
0.003790271636133923,0.0,98,1.0
0.09016393442622951,0.0,124,1.0
0.029850746268656716,0.0,209,-3.0
0.008955223880597015,1.0,55,1.0
0.01639344262295082,0.0,136,0.5
0.00782472613458529,0.0,32,1.0
0.0020491803278688526,1.0,45,0.5
0.0013679890560875513,0.0,189,0.0
0.000864304235090752,0.0,180,-1.0
0.01366120218579235,0.0,151,0.5
0.006550218340611353,1.0,170,0.0
0.001314060446780552,1.0,134,-3.0
0.0023446658851113715,0.0,474,1.5
0.025616239729337846,0.0,347,-1.0
0.0040032025620496394,1.0,319,1.0
0.12568306010928962,0.0,16,-1.5
0.0025756600128783,0.0,157,0.5
0.2459016393442623,0.0,198,2.5
0.01824817518248175,0.0,376,0.5
0.023880597014925373,1.0,191,0.5
0.0017761989342806395,0.0,89,-0.5
0.02328042328042328,0.0,89,0.5
0.0045992115637319315,0.0,248,-1.5
0.006535947712418301,0.0,78,1.0
0.032679738562091505,0.0,136,0.5
0.004285714285714286,1.0,100,1.0
0.002430133657351154,1.0,46,0.0
0.0010582010582010583,0.0,125,0.0
0.05737704918032787,0.0,174,-1.0
0.00823045267489712,0.0,159,1.0
0.00411522633744856,1.0,220,-2.0
0.00411522633744856,1.0,148,1.5
0.01646090534979424,0.0,13,0.5
0.12021857923497267,0.0,228,2.0
0.00936768149882904,1.0,82,1.0
0.0016012810248198558,0.0,314,2.0
0.0036496350364963502,1.0,29,1.0
0.0034482758620689655,0.0,27,1.0
0.004830917874396135,0.0,63,2.0
0.0008880994671403197,0.0,88,1.0
0.006535947712418301,0.0,169,-0.5
0.0029850746268656717,1.0,63,-1.0
0.001314060446780552,0.0,169,-2.5
0.06557377049180328,1.0,149,1.0
0.04585152838427948,1.0,221,1.0
0.006166495375128468,1.0,147,-1.0
0.1331877729257642,0.0,96,-1.0
0.003909304143862392,1.0,44,0.5
0.005050505050505051,1.0,54,0.0
0.012443438914027148,0.0,191,0.0
0.00398406374501992,0.0,125,-1.5
0.050505050505050504,1.0,101,1.0
0.00273224043715847,0.0,148,-3.0
0.004694835680751174,0.0,25,1.5
0.009633911368015413,0.0,77,0.0
0.0007473841554559044,1.0,150,-2.5
0.0036429872495446266,0.0,152,0.5
0.0015151515151515152,0.0,274,0.0
0.01639344262295082,1.0,117,-1.0
0.009836065573770493,1.0,152,-0.5
0.013114754098360656,1.0,133,0.0
0.01366120218579235,1.0,67,1.5
0.0005473453749315818,0.0,295,0.0
0.004691164972634871,0.0,126,0.5
0.0018248175182481751,0.0,447,-2.0
0.008695652173913044,1.0,107,1.0
0.01791044776119403,0.0,219,1.0
0.00819672131147541,1.0,79,0.0
0.008955223880597015,1.0,239,2.0
0.003289473684210526,1.0,197,-1.0
0.009389671361502348,0.0,233,0.5
0.011513157894736841,0.0,164,0.5
0.007818608287724784,0.0,163,0.5
0.01639344262295082,1.0,158,1.5
0.023880597014925373,1.0,91,0.0
0.0029850746268656717,0.0,100,0.5
0.00936768149882904,0.0,114,1.0
0.001215066828675577,0.0,142,-1.0
0.023090586145648313,0.0,315,0.0
0.003083247687564234,0.0,112,-1.0
0.0013679890560875513,1.0,199,0.0
0.007462686567164179,0.0,133,1.0
0.00099601593625498,0.0,211,0.5
0.03260869565217391,0.0,41,1.0
0.04827586206896552,0.0,10,-2.5
0.02185792349726776,0.0,166,1.0
0.009107468123861567,0.0,95,1.5
0.01639344262295082,0.0,237,-3.0
0.0029850746268656717,0.0,107,-1.5
0.003367003367003367,0.0,41,-0.5
0.01639344262295082,0.0,110,1.5
0.002183406113537118,0.0,433,-1.0
0.005892255892255892,0.0,272,2.5
0.0034482758620689655,1.0,78,1.5
0.016097875080489377,0.0,28,0.0
0.02191380569758948,0.0,385,0.0
0.42003367003367004,0.0,82,1.0
0.007529089664613279,1.0,88,-1.0
0.23266423357664234,0.0,138,-0.5
0.07654921020656136,0.0,141,2.5
0.003816793893129771,0.0,138,-0.5
0.014778325123152709,0.0,30,1.5
0.2655172413793103,0.0,112,1.5
0.08898015058179329,1.0,50,0.5
0.017142857142857144,0.0,183,-2.0
0.005892255892255892,0.0,54,2.0
0.0014925373134328358,1.0,68,0.5
0.06264323911382735,0.0,5,1.0
0.12882096069868995,0.0,83,1.0
0.12149532710280374,0.0,56,0.5
0.34678624813153963,0.0,194,-2.0
0.04495747266099635,0.0,177,0.5
0.08223684210526316,1.0,207,1.0
0.164021164021164,1.0,250,0.5
0.21904761904761905,0.0,401,0.0
0.15211754537597233,0.0,37,1.0
0.0451559934318555,0.0,172,-2.0
0.008955223880597015,1.0,112,0.5
0.02034428794992175,1.0,188,0.0
0.003129890453834116,1.0,192,-1.0
0.009198423127463863,0.0,112,0.0
0.038686987104337635,0.0,186,1.0
0.12441314553990611,0.0,82,1.0
0.375,0.0,87,0.5
0.06176084099868594,1.0,352,-2.5
0.0680431722196152,0.0,353,-1.5
0.12956204379562045,1.0,72,0.5
0.4543795620437956,1.0,299,1.0
0.03345070422535211,0.0,89,-2.5
0.002628120893561104,1.0,191,1.5
0.15645514223194748,0.0,321,0.5
0.0036429872495446266,1.0,259,1.0
0.08971553610503283,0.0,136,0.0
0.00099601593625498,0.0,52,0.0
0.2785714285714286,0.0,48,-1.0
0.020895522388059702,1.0,175,-1.0
0.0008417508417508417,1.0,333,0.5
0.0765993265993266,1.0,256,-0.5
0.053064275037369206,1.0,109,0.0
0.12052593133674215,0.0,126,-2.0
0.3759124087591241,0.0,377,0.0
0.4332579185520362,0.0,93,1.0
0.28531206006569687,0.0,43,0.0
0.11207729468599034,1.0,212,0.5
0.04220398593200469,0.0,98,1.5
0.005685407454200884,0.0,281,1.5
0.09395532194480946,0.0,331,0.0
0.03734707018673535,0.0,82,1.5
0.013636363636363636,1.0,184,-2.0
0.015047879616963064,0.0,252,0.0
0.07464503042596349,0.0,161,1.5
0.08140947752126367,0.0,256,-1.0
0.02697495183044316,0.0,263,0.5
0.0625,0.0,202,-1.5
0.4567901234567901,0.0,87,0.5
0.08811305070656691,0.0,35,0.5
0.05082212257100149,0.0,111,-1.5
0.11657559198542805,0.0,133,0.0
0.019709056780854058,0.0,62,-3.0
0.00523168908819133,0.0,208,0.0
0.0015889830508474577,0.0,354,0.5
0.020689655172413793,0.0,57,1.5
0.0024630541871921183,0.0,109,1.0
0.09836065573770492,0.0,52,0.5
0.019672131147540985,0.0,85,1.0
0.0030534351145038168,0.0,50,0.5
0.0017241379310344827,0.0,84,2.0
0.0034223134839151265,0.0,133,-2.5
0.009633911368015413,0.0,34,3.0
0.056245434623813005,0.0,70,0.5
0.006254886630179828,0.0,137,0.5
0.003787878787878788,0.0,172,-2.0
0.026717557251908396,0.0,65,1.0
0.0053435114503816794,0.0,127,0.5
0.12783053323593865,0.5,97,-1.5
0.02509124087591241,0.0,143,-0.5
0.014077897700610043,0.0,274,1.5
0.09513023782559456,0.0,163,0.5
0.017142857142857144,0.0,16,-1.5
0.5909090909090909,0.0,155,0.5
0.009950248756218905,0.0,164,2.0
0.04924242424242424,0.0,71,0.0
0.00505369551484523,0.0,674,-1.0
0.03751465416178194,0.0,88,-1.0
0.05238467552775606,0.3333333333333333,203,0.0
0.14705882352941177,0.0,12,0.5
0.310952380952381,0.0,183,0.0
0.05503772747447847,1.0,125,2.0
0.004440497335701598,1.0,216,0.0
0.006313131313131313,1.0,283,-1.5
0.5089641434262948,0.0,494,0.0
0.22336065573770492,0.0,159,-1.5
0.07936507936507936,1.0,37,0.5
0.023989898989898988,1.0,231,0.0
0.2883970489604292,0.0,49,1.0
0.08069164265129683,0.0,153,1.0
0.020202020202020204,0.0,94,0.0
0.025039123630672927,0.0,146,-2.5
0.0457516339869281,0.0,69,1.5
0.026865671641791045,1.0,35,-2.0
0.012711864406779662,1.0,56,-3.5
0.13275862068965516,0.0,266,-1.5
0.03292181069958848,0.0,648,-1.0
0.029510395707578806,0.0,109,-1.0
0.014705882352941176,0.0,518,-2.5
0.44545111362778406,0.14285714285714285,388,0.5
0.08216529724504591,1.0,93,0.5
0.055008210180623976,0.0,144,0.5
0.0881920627143557,0.0,272,0.5
0.0644361833952912,0.0,183,1.0
0.256857855361596,0.8,296,-2.5
0.006572769953051643,0.0,226,-2.0
0.14659367396593673,0.0,74,0.0
0.12586206896551724,0.0,246,-0.5
0.0036496350364963502,0.0,284,1.0
0.03776683087027915,0.0,240,-1.0
0.01639344262295082,0.0,179,-1.0
0.014018691588785047,1.0,220,1.5
0.09304143862392494,0.0,202,-1.0
0.023956194387405885,0.0,169,0.0
0.0029218407596785976,0.0,47,-1.0
0.10142087212150906,0.0,100,-0.5
0.8550505050505051,0.0,49,-0.5
0.14482758620689656,1.0,46,0.0
0.011287839917906618,0.0,100,0.5
0.17641764176417643,1.0,140,-1.0
0.05719139297848245,0.0,73,0.0
0.007545494895694629,0.0,441,-0.5
0.007033997655334115,0.0,334,-2.0
0.019580419580419582,1.0,124,0.5
0.00904977375565611,0.0,78,-2.0
0.0948905109489051,0.0,155,-0.5
0.10622065727699531,0.0,65,0.5
0.04381846635367762,0.0,216,0.5
0.10344827586206896,0.5,457,-2.0
0.03177966101694915,0.0,144,-0.5
0.20972836386607707,0.3333333333333333,69,-2.0
0.1535303776683087,0.0,912,-0.5
0.012750455373406194,0.0,92,-0.5
0.0025252525252525255,0.0,205,-1.5
0.12295081967213115,0.0,97,-1.5
0.03942181340341656,0.0,89,-0.5
0.27595628415300544,1.0,261,0.0
0.0648854961832061,1.0,125,-1.5
0.03717472118959108,0.0,582,0.5
0.02441077441077441,0.0,200,-2.0
0.03146691346598797,0.42857142857142855,184,0.5
0.03333333333333333,0.0,77,1.0
0.011594202898550725,0.0,126,2.0
0.01584507042253521,0.0,92,-0.5
0.05714285714285714,0.0,155,2.0
0.0016835016835016834,1.0,204,-1.0
0.1053864168618267,0.0,19,0.0
0.6075697211155379,0.5,76,1.0
0.34178403755868547,0.0,64,1.0
0.5170998632010944,0.0,94,0.0
0.1431503335043612,0.0,58,0.5
0.0855039637599094,0.0,40,-1.0
0.028139656070870246,0.0,50,-1.0
0.26851851851851855,0.0,172,0.5
0.001791044776119403,1.0,4,0.0
0.007407407407407408,0.0,41,1.0
0.7,0.0,54,1.0
0.05303030303030303,0.0,10,1.0
0.021374045801526718,0.0,340,-2.0
0.02103321033210332,0.0,31,1.0
0.013145539906103286,0.0,79,0.5
0.26143790849673204,0.0,19,-0.5
0.30269058295964124,0.0,119,-2.0
0.2698819907644946,1.0,39,0.0
0.3615023474178404,0.0,164,-1.5
0.0430327868852459,0.0,263,-0.5
0.060756972111553786,0.0,189,-0.5
0.07401315789473684,0.0,181,-3.0
0.28524590163934427,1.0,660,-4.0
0.18518518518518517,1.0,818,-2.5
0.32912192040429566,0.0,95,-3.5
0.03048065650644783,0.0,206,-4.0
0.27510917030567683,0.0,348,-1.0
0.020657276995305163,0.0,124,0.0
0.2791044776119403,0.0,156,-2.5
0.08714285714285715,0.0,203,-3.5
0.013140604467805518,0.0,43,-1.0
0.17427007299270073,1.0,162,-2.5
0.026515151515151516,0.0,145,1.0
0.024623803009575923,0.0,236,-0.5
0.0060207991242474,0.0,68,-1.0
0.027946537059538274,0.5,141,0.0
0.029971181556195964,0.0,163,-0.5
0.15038893690579083,0.0,87,-1.0
0.09849521203830369,1.0,185,0.0
0.06768558951965066,0.0,191,-0.5
0.021897810218978103,0.0,18,0.5
0.01809954751131222,0.0,291,-3.5
0.022109917877447885,1.0,120,-2.5
0.024691358024691357,1.0,122,-2.5
0.16666666666666666,0.0,78,-1.0
0.02727272727272727,0.0,80,1.0
0.05328596802841918,0.0,83,-3.5
0.003864734299516908,1.0,45,-2.5
0.028522039757994815,0.0,191,-2.0
0.9924882629107982,0.0,43,-2.0
0.11678832116788321,0.0,130,-0.5
0.31381733021077285,0.0,78,1.5
0.455026455026455,0.0,99,-1.5
0.5305676855895196,0.0,69,1.5
0.4711033274956217,0.0,114,-1.0
0.49357142857142855,1.0,89,-1.5
0.07902097902097902,0.0,54,-1.0
0.06428226196230062,0.0,261,-1.5
0.01669359181475498,0.5,65,-1.0
0.034427966101694914,0.0,417,-2.5
0.1252783964365256,0.0,572,-2.0
0.11228813559322035,0.0,215,-2.0
0.20114942528735633,1.0,252,-1.0
0.0055762081784386614,0.0,60,-1.5
0.09745762711864407,0.0,121,1.5
0.16815144766146994,0.0,74,0.5
0.010101010101010102,1.0,39,0.0
0.2900763358778626,0.0,291,1.0
0.04077010192525481,0.0,209,0.5
0.0249003984063745,0.0,114,-2.0
0.020931071815229157,0.0,452,-0.5
0.06221719457013575,0.0,67,0.5
0.01092896174863388,0.0,125,0.5
0.026515151515151516,0.0,51,-1.5
0.16605839416058393,0.0,261,1.0
0.23515850144092218,0.0,41,0.0
0.048327137546468404,0.0,57,0.0
0.08622620380739082,0.0,44,0.5
0.020446096654275093,1.0,14,1.0
0.007462686567164179,0.0,123,0.5
0.006914433880726016,0.0,83,-0.5
0.02702702702702703,0.0,165,0.5
0.0025929127052722557,0.0,77,-0.5
0.22404371584699453,1.0,136,0.5
0.017783857729138167,0.0,106,2.5
0.03420523138832998,0.0,238,-2.0
0.006535947712418301,1.0,336,-1.5
0.026094276094276093,1.0,178,0.0
0.022540983606557378,1.0,91,1.0
0.3934328358208955,0.5,413,1.0
0.014925373134328358,1.0,227,1.5
0.6648079306071871,0.5,122,1.5
0.0513347022587269,0.0,593,1.5
0.031103286384976527,1.0,199,0.0
0.0692167577413479,1.0,150,1.5
0.049273531269740996,0.0,205,0.0
0.018898931799506986,1.0,448,2.0
0.023852385238523854,0.0,340,1.5
0.023679417122040074,0.0,130,0.0
0.1593625498007968,0.0,142,0.5
0.36732929991356955,0.0,206,0.0
0.015258215962441314,0.0,63,2.0
0.03278688524590164,0.0,480,0.5
0.1964937910883857,0.0,239,2.0
0.01430976430976431,0.0,45,1.5
0.37642105263157893,0.0,89,1.5
0.02575488454706927,1.0,65,1.0
0.08835820895522388,0.0,497,0.0
0.020657276995305163,1.0,56,1.5
0.009378663540445486,0.0,83,1.5
0.0847018150388937,0.75,55,-2.5
0.009107468123861567,0.0,191,2.0
0.03283582089552239,0.0,76,2.0
0.006564551422319475,0.0,127,0.5
0.018991964937910884,1.0,143,2.0
0.004846526655896607,0.0,61,0.0
0.009107468123861567,0.0,331,0.5
0.008955223880597015,1.0,191,-0.5
0.06221719457013575,0.0,53,-1.0
0.10107747562852745,0.0,63,0.5
0.0035714285714285713,0.0,203,-1.5
0.13990610328638498,0.0,150,1.0
0.13644977890082122,0.0,245,0.0
0.11513157894736842,0.0,136,2.0
0.15297982167996246,0.0,126,1.0
0.6835820895522388,1.0,44,1.0
0.8373225152129817,0.0,243,1.0
0.13006300630063006,0.5,219,1.0
0.012443438914027148,0.0,122,0.0
0.09225957779515247,0.5,298,0.0
0.023474178403755867,0.0,30,2.0
0.016423357664233577,0.0,87,0.0
0.004285714285714286,0.0,319,1.5
0.03333333333333333,0.0,129,1.5
0.15285714285714286,0.0,126,1.0
0.027960526315789474,0.0,78,0.0
0.7313432835820896,0.0,116,1.0
0.3827460510328068,1.0,39,-2.0
0.08265682656826569,0.0,30,-2.0
0.22226517201391574,0.0,134,0.0
0.029850746268656716,0.0,117,-0.5
0.020367936925098553,0.0,49,1.0
0.13227513227513227,0.0,31,-0.5
0.17562189054726368,1.0,146,1.0
0.08610741233910342,0.5,135,1.0
0.01010739102969046,0.0,48,1.0
0.007290400972053463,0.0,172,1.0
0.12560386473429952,0.0,58,-0.5
0.030694668820678513,0.0,135,-0.5
0.3418447107868682,1.0,80,1.0
0.2478813559322034,0.0,197,0.5
0.29593336599706027,1.0,58,1.0
0.039301310043668124,1.0,227,-0.5
0.22272727272727272,1.0,78,0.0
0.0034482758620689655,0.0,146,-0.5
0.016916384726921217,1.0,75,0.0
0.18873239436619718,0.0,115,-2.5
0.060753341433778855,1.0,88,1.5
0.07780013413816231,0.0,215,-3.0
0.057902973395931145,1.0,3,0.0
0.013365735115431349,0.0,314,-0.5
0.011723329425556858,0.0,194,-2.0
0.014925373134328358,0.0,34,0.0
0.008213552361396304,0.0,59,1.5
0.46228597871355853,0.0,527,0.0
0.047697368421052634,0.0,315,2.0
0.15256525652565256,0.0,104,-2.0
0.10583047525722684,0.0,42,0.0
0.0385617509119333,0.0,134,0.5
0.12126315789473684,0.0,233,0.5
0.11746031746031746,0.0,370,-2.5
0.00850546780072904,0.0,114,-1.0
0.014693171996542784,1.0,72,0.5
0.21642857142857144,0.0,46,0.0
0.06729264475743349,0.5,93,0.0
0.017391304347826087,0.0,108,0.0
0.013134851138353765,0.0,82,0.0
0.041245791245791245,0.0,246,-1.5
0.08496732026143791,0.0,12,0.5
0.09953100573215216,0.0,112,2.5
0.1457142857142857,0.0,115,0.0
0.21263157894736842,0.5,91,-1.0
0.08463157894736842,1.0,121,1.5
0.04720369420215495,0.2,118,1.0
0.09666823087752228,1.0,216,0.0
0.019527235354573486,1.0,89,-3.0
0.06318347509113001,1.0,120,1.0
0.022650056625141562,0.0,129,-1.0
0.004477611940298508,1.0,89,1.5
0.060851926977687626,1.0,56,0.0
0.003129890453834116,0.5,295,-0.5
0.4104895104895105,1.0,299,-0.5
0.0090311986863711,0.0,457,2.0
0.07025547445255474,0.0,386,-3.5
0.21343283582089553,1.0,156,-1.5
0.024967148488830485,1.0,529,1.0
0.02904040404040404,1.0,294,0.0
0.051094890510948905,1.0,125,-0.5
0.01779603011635866,0.0,474,1.0
0.03699843668577384,0.0,174,0.0
0.02190201729106628,0.0,286,-1.0
0.041791044776119404,0.3333333333333333,30,-1.5
0.01992966002344666,0.0,147,-1.0
0.8947811447811448,0.0,285,-1.5
0.39526411657559196,1.0,167,0.0
0.028406569019085663,0.0,82,-0.5
0.02736726874657909,1.0,496,0.0
0.004934210526315789,0.0,300,-3.0
0.1272577996715928,0.0,215,2.0
0.1319365798414496,0.0,139,1.0
0.051425030978934326,0.0,146,0.0
0.006075334143377886,0.0,439,0.5
0.5756154747948418,0.0,141,0.0
0.19682539682539682,0.0,182,-2.0
0.22990492653414002,0.0,153,-1.0
0.18782837127845883,0.5,296,-1.5
0.09826589595375723,0.5,178,-2.0
0.009309162175404213,0.0,91,-2.0
0.08022741629816804,0.0,116,0.0
0.1330998248686515,0.0,136,-2.0
0.051450465243568694,0.5,59,1.0
0.19753719856336582,0.0,133,-1.5
0.010948905109489052,1.0,144,0.5
0.08344283837056504,0.0,62,-1.0
0.07780979827089338,0.0,50,1.0
0.01406799531066823,0.0,124,0.0
0.017676767676767676,0.0,51,-3.0
0.012295081967213115,0.0,77,0.0
0.004168837936425221,0.0,96,0.0
0.009913258983890954,0.0,299,-1.0
0.3090909090909091,0.0,273,0.5
0.29290853031860226,0.0,218,-1.0
0.15291357059053579,0.3333333333333333,220,-3.0
0.07164179104477612,0.0,52,0.0
0.47819394561313494,0.0,762,-3.0
0.0117096018735363,0.0,134,-3.5
0.02916160388821385,0.0,53,0.5
0.009607686148919135,0.0,136,-1.0
0.023679417122040074,0.0,26,-0.5
0.046228710462287104,1.0,306,-2.5
0.351129363449692,0.0,38,0.0
0.5740131578947368,0.0,31,-1.0
0.38028802880288026,0.0,105,-1.0
0.004545454545454545,0.0,179,-1.5
0.031643002028397565,0.0,58,-1.5
0.06197033898305085,0.0,54,-1.0
0.0969728065674705,0.0,141,-0.5
0.085219707057257,1.0,12,0.5
0.030476190476190476,0.0,257,0.0
0.029887310142087214,0.0,292,-1.5
0.06373193166885677,0.0,73,-1.0
0.09963547995139732,0.0,425,-1.5
0.27400468384074944,0.0,105,-2.0
0.19052088221492258,0.0,216,0.0
0.10686567164179105,1.0,397,0.0
0.007575757575757576,0.0,543,-1.0
0.11229946524064172,0.0,58,-3.0
0.03543647363872083,0.5,13,0.0
0.025896414342629483,0.0,93,-0.5
0.05791044776119403,0.0,168,-2.5
0.05970149253731343,0.5,417,-1.0
0.010245901639344262,1.0,171,1.5
0.06569343065693431,0.5,50,-0.5
0.04292929292929293,1.0,217,-0.5
0.01791044776119403,1.0,50,3.0
0.008955223880597015,1.0,321,-0.5
0.004440497335701598,1.0,36,1.0
0.030828516377649325,0.0,136,0.5
0.008077544426494346,0.0,190,0.5
0.3057142857142857,0.0,269,-0.5
0.15517241379310345,0.0,88,-2.0
0.23479318734793186,1.0,95,1.0
0.08829568788501027,0.0,177,-1.0
0.003205128205128205,0.0,381,1.0
0.16853932584269662,0.0,319,1.5
0.6847757422615287,0.0,128,1.0
0.6238805970149254,0.0,152,1.0
0.02759526938239159,0.0,185,-1.0
0.07496902106567534,0.0,236,2.0
0.08119864668922185,0.0,98,-1.0
0.018214936247723135,0.0,107,1.5
0.0425273390036452,0.0,125,-0.5
0.09137931034482759,0.0,101,0.5
0.26224944320712695,0.0,45,1.0
0.008620689655172414,0.0,155,-2.0
0.06330597889800703,0.0,202,1.0
0.024475524475524476,0.0,252,-3.5
0.026400515132002575,0.0,127,0.5
0.17194029850746267,0.0,96,0.5
0.07707910750507099,0.0,248,0.5
0.09913544668587897,0.0,144,0.5
0.201010101010101,0.0,279,0.5
0.03926282051282051,0.0,116,-2.5
0.01717171717171717,0.0,89,-1.0
0.007733204446592557,0.0,62,-0.5
0.18111313868613138,0.0,157,1.5
0.037408759124087594,1.0,109,-2.0
0.028985507246376812,0.0,123,-0.5
0.03582089552238806,0.0,247,0.0
0.0472636815920398,0.0,208,0.5
0.21285714285714286,0.0,116,1.0
0.46206115515288787,1.0,102,-0.5
0.01849754624386561,1.0,65,-0.5
0.017770597738287562,0.0,191,-0.5
0.028059701492537312,0.0,119,-2.0
0.14785714285714285,0.0,175,-1.0
0.003129890453834116,0.0,67,1.0
0.053927315357561546,0.0,14,1.0
0.02576112412177986,0.0,427,-2.0
0.1272577996715928,0.0,386,1.0
0.20131470829909615,0.0,139,-1.5
1.8865671641791044,0.0,23,-3.0
0.1454183266932271,0.0,13,1.0
0.08239095315024232,0.0,377,-2.0
0.125,0.0,107,-0.5
0.47593896713615025,0.0,30,0.5
0.3968609865470852,0.0,31,-1.0
0.059343434343434344,0.6666666666666666,295,1.0
0.009249743062692703,0.0,68,1.0
0.09808394160583941,0.0,45,0.0
0.10086004691164972,0.5,287,0.0
0.014571948998178506,0.0,78,-2.5
0.016417910447761194,0.0,365,-1.5
0.19135308246597277,0.0,148,-0.5
0.03715670436187399,1.0,53,-0.5
2.2464818763326226,0.0,11,2.5
0.012705530642750373,0.0,421,-1.5
0.061930783242258654,0.0,37,-1.5
0.11884057971014493,0.0,148,-2.0
0.043668122270742356,1.0,292,1.5
0.2233902759526938,0.0,51,1.0
0.05431578947368421,0.0,52,1.0
0.5068418171866448,0.0,41,1.0
0.3651685393258427,0.0,127,-2.0
0.2065687121866897,0.0,109,-1.0
0.16048803378695448,0.0,147,-1.0
0.006774361646690985,0.0,100,-1.0
0.15258215962441316,0.0,81,2.0
0.24403597966366836,0.0,13,1.0
0.2005475701574264,0.0,109,-1.0
0.25590955806783144,0.0,9,0.5
0.02631578947368421,0.0,128,2.5
0.2332928311057108,0.0,116,-1.0
0.07470119521912351,0.0,52,-0.5
0.06085814360770578,0.0,37,1.0
0.013683634373289545,0.0,19,0.5
0.0014285714285714286,0.0,23,-0.5
0.10673234811165845,0.0,38,0.0
0.001564945226917058,0.0,58,1.5
0.014855355746677092,0.0,198,1.5
0.09441233140655106,0.0,35,0.5
0.44042105263157894,0.0,47,0.0
0.15054744525547445,0.0,3,1.0
0.007346585998271392,0.0,42,0.5
0.00631578947368421,0.0,84,0.0
0.032137518684603884,0.0,14,1.0
0.08576642335766424,0.0,84,-1.0
0.004860267314702308,0.0,404,0.5
0.15693430656934307,0.0,77,1.5
0.03407682775712516,0.0,394,-1.0
0.004108463434675432,0.0,188,-0.5
0.02214285714285714,1.0,350,-1.5
0.0109460516028147,0.0,35,-3.0
0.03278688524590164,1.0,31,-1.0
0.29404617253948967,1.0,255,-2.5
0.005780346820809248,1.0,223,-2.5
0.017241379310344827,0.0,103,-1.0
0.004860267314702308,0.0,123,-1.0
0.11976819059884096,0.0,50,-1.0
0.5184992183428869,1.0,91,-0.5
0.13894592744695414,1.0,8,-1.0
0.06787082649151614,0.0,44,0.0
0.006843065693430657,1.0,145,2.0
0.12344139650872818,1.0,212,2.0
0.03286384976525822,0.0,267,-2.5
0.02410518626734843,1.0,243,-1.0
0.010344827586206896,0.0,210,-2.5
0.012626262626262626,0.0,182,0.5
0.0019267822736030828,1.0,237,-1.5
0.015283842794759825,1.0,362,-0.5
0.04769351055512119,1.0,334,1.0
0.030978934324659233,1.0,433,1.0
0.1810344827586207,0.0,185,0.0
0.01195219123505976,1.0,168,2.0
0.12100259291270528,1.0,308,-3.0
0.011464304325169358,0.0,335,3.5
0.278336686787391,0.5,118,0.0
0.007857142857142858,0.0,94,-2.0
0.15135967162647512,1.0,156,1.0
0.07114933541829555,0.0,65,0.0
0.018357487922705314,0.0,326,0.0
0.009720534629404616,0.5,47,-0.5
0.02092675635276532,1.0,137,1.5
0.029058749210360075,0.0,111,0.5
0.08963001563314227,0.0,223,1.0
0.06439393939393939,0.0,64,-2.0
0.12582056892778992,0.0,96,1.0
0.004694835680751174,1.0,287,-0.5
0.013679890560875513,0.0,423,-1.5
0.4074542008843967,0.0,213,-0.5
0.10857664233576643,0.0,269,0.0
0.03282828282828283,0.0,47,-0.5
0.018686868686868686,0.0,95,-1.0
0.3903868698710434,0.0,86,-1.5
0.023283582089552238,0.0,805,-2.0
0.020072992700729927,1.0,122,2.0
0.06807511737089202,0.0,34,2.0
0.017082785808147174,0.0,210,-1.0
0.2116788321167883,1.0,51,1.5
0.26294820717131473,0.0,70,-3.0
0.12006578947368421,0.0,84,2.0
0.012698412698412698,0.0,6,0.5
0.3119402985074627,0.0,470,0.0
0.12139503688799463,0.0,161,-1.5
0.35858585858585856,0.0,94,3.0
0.035583941605839414,0.0,116,1.0
0.00909090909090909,0.0,104,-1.0
0.1202020202020202,0.0,28,1.0
0.03435114503816794,0.0,52,-0.5
0.022950819672131147,0.0,118,-2.0
0.1366120218579235,0.0,57,0.0
0.1899179366940211,0.0,22,1.0
0.030476190476190476,0.0,96,3.0
0.1924342105263158,1.0,66,1.0
0.00702576112412178,0.0,130,0.5
0.056504599211563734,1.0,127,1.0
0.015078082929456112,0.0,352,1.5
0.1109452736318408,0.0,46,1.5
0.08038029386343994,0.0,86,0.0
0.06310928681375064,1.0,106,-2.5
0.07496325330720235,0.0,407,0.0
0.07113543091655267,0.0,85,-0.5
0.006578947368421052,0.0,96,0.5
0.3207171314741036,1.0,183,1.0
0.058394160583941604,0.0,181,1.5
0.08976317799847211,0.0,185,0.0
0.32588699080157685,0.0,243,-1.0
0.08893185113581441,0.0,32,-0.5
0.2895354293758799,0.0,99,-0.5
0.07888970051132213,0.0,282,-1.0
0.052452025586353944,0.0,82,0.0
0.14299516908212562,0.0,247,0.0
0.018261504747991233,0.0,49,1.0
0.00583941605839416,1.0,110,0.0
0.01445466491458607,0.0,260,-2.5
0.006009615384615385,0.0,115,1.0
0.16584564860426929,0.0,136,0.0
0.01450381679389313,0.0,533,0.5
0.020289855072463767,0.0,116,0.0
0.011235955056179775,0.0,119,0.5
0.13967534918837296,0.0,123,1.0
0.1653731343283582,0.0,86,-3.0
0.0013413816230717639,0.0,194,0.0
0.01824817518248175,1.0,119,0.0
0.004104669061056952,0.0,92,-1.0
0.019527235354573486,1.0,156,2.0
0.35352335708630245,0.0,249,1.5
0.07365892714171338,0.5,199,1.0
0.08344429649356414,0.0,124,1.0
0.33176972281449896,0.0,209,-1.0
0.018704379562043797,0.0,122,0.5
0.005050505050505051,1.0,31,0.5
0.03457216940363008,1.0,436,0.0
0.05224787363304982,0.0,35,-0.5
0.10674157303370786,0.0,356,0.5
0.1297327394209354,1.0,129,1.0
0.009259259259259259,0.0,161,-1.0
0.04374240583232078,0.0,207,-2.0
0.16614024005053696,0.0,234,-1.5
0.03897550111358575,0.0,265,-1.5
0.01450381679389313,0.0,272,-0.5
0.0926906779661017,0.0,41,0.5
0.14166130070830651,0.0,457,-1.0
0.014925373134328358,0.0,328,-0.5
0.0789980732177264,0.0,22,-1.0
0.47031700288184436,0.5,263,-2.0
0.06357142857142857,0.0,279,1.0
0.06357142857142857,0.0,135,2.0
0.02390438247011952,0.0,346,0.0
0.14623397435897437,0.0,270,-2.5
0.06379310344827586,0.0,106,0.0
0.03286384976525822,0.0,94,0.5
0.06569343065693431,0.0,126,-1.0
0.10149253731343283,1.0,322,-0.5
0.06416275430359937,0.0,44,0.0
0.07407407407407407,0.0,134,-2.5
0.35844471445929527,0.0,61,-0.5
0.22441160372194854,0.0,202,-2.5
0.06995884773662552,0.5,122,1.0
0.029508196721311476,0.0,321,-2.5
0.010956175298804782,1.0,170,-0.5
0.32755474452554745,0.0,689,-2.5
0.007036747458952306,0.0,179,-1.0
0.04337631887456037,0.0,165,0.5
0.19095477386934673,0.0,326,0.0
0.04988262910798122,0.0,144,-1.0
0.09909399773499433,0.0,158,-1.0
0.015714285714285715,0.0,500,0.0
0.11737089201877934,0.0,253,0.5
0.5536888239590942,0.0,32,1.0
0.005714285714285714,0.0,242,-1.0
0.20427305888483585,0.0,136,0.5
0.022644265887509132,0.0,306,0.0
0.06572008113590264,0.0,459,-1.0
0.05582922824302135,0.0,139,-1.5
0.11328671328671329,0.0,206,-2.0
0.1801526717557252,0.0,105,-2.5
0.0022624434389140274,0.0,100,-0.5
0.010633156114064766,0.0,346,1.0
0.0024630541871921183,0.0,252,-1.0
0.07293986636971046,0.0,267,0.5
0.7793427230046949,0.5,194,-2.0
0.020491803278688523,0.0,145,-0.5
0.005861664712778429,0.0,130,-0.5
0.003158559696778269,0.0,291,-1.5
0.08196721311475409,0.0,284,0.5
0.0976781425140112,0.0,206,0.0
0.09016393442622951,0.0,48,0.5
0.08763693270735524,0.0,116,0.0
0.29508196721311475,0.0,211,1.5
0.02735229759299781,0.0,150,0.0
0.14725500256541815,0.0,97,1.0
0.09957627118644068,1.0,71,1.0
0.03134328358208955,0.0,122,0.5
0.08833522083805209,0.0,30,-2.5
0.018471010774756286,1.0,60,0.0
0.1885245901639344,0.0,83,-2.0
0.02,0.0,76,0.5
0.040892193308550186,0.0,105,1.5
0.1961970613656007,0.0,87,0.0
0.033566433566433566,0.0,78,-1.0
0.004409603135717786,1.0,339,-1.0
0.04738154613466334,0.0,94,-3.0
0.015485687470671047,0.0,76,0.5
0.05977462028417443,0.0,544,0.0
0.2329945269741986,0.0,124,1.5
0.03627652292950034,0.0,255,1.5
0.0024783147459727386,1.0,242,2.0
0.009382329945269743,0.0,221,0.5
0.10979020979020979,0.0,61,1.0
0.018650088809946713,1.0,80,2.0
0.032679738562091505,0.0,52,1.0
0.11462205700123916,1.0,393,-2.5
0.26396917148362237,1.0,400,2.5
0.4164561530133526,0.0,184,1.5
0.10098522167487685,0.0,425,1.0
0.01206896551724138,0.0,142,1.0
0.007033997655334115,0.0,263,1.5
0.22816032887975335,0.0,290,0.0
0.06822488945041061,1.0,360,0.0
0.023880597014925373,0.0,147,-0.5
0.2415824915824916,0.0,73,0.0
0.02880658436213992,0.0,0,2.5
0.016675351745700884,0.0,137,1.0
0.004103967168262654,1.0,271,-0.5
0.20318725099601595,1.0,194,0.5
0.010192525481313703,0.5,62,1.5
0.00234192037470726,0.0,7,0.5
0.03543647363872083,0.0,149,1.0
0.0468384074941452,1.0,36,1.0
0.006870229007633588,1.0,305,1.0
0.004524886877828055,1.0,119,1.0
0.09198423127463863,0.0,27,1.0
0.004956629491945477,0.0,164,2.0
0.0061068702290076335,0.0,58,1.5
0.014230979748221127,1.0,104,0.5
0.012895662368112544,0.0,553,-2.0
0.1701492537313433,0.0,156,-0.5
0.023076923076923078,1.0,273,1.5
0.003129890453834116,1.0,400,0.5
0.007778738115816767,0.0,117,-1.0
0.019650655021834062,0.0,17,0.0
0.06127886323268206,0.0,517,0.0
0.037408759124087594,0.0,135,1.5
0.12489991993594876,0.0,89,1.0
0.0492379835873388,0.0,147,2.0
0.059267648169120425,0.0,56,-1.0
0.0034482758620689655,0.0,302,0.0
0.009107468123861567,0.0,245,-1.0
0.017761989342806393,0.0,78,2.5
0.033832769453842435,0.0,78,-2.0
0.014373716632443531,0.0,378,-2.0
0.004366812227074236,0.0,99,0.5
0.030737704918032786,0.0,118,-0.5
0.2748487467588591,0.0,111,0.0
0.3893129770992366,1.0,288,1.0
0.08396946564885496,0.0,216,0.5
0.6645817044566067,0.0,299,1.0
0.04806565064478312,0.0,153,-2.5
0.20172413793103447,1.0,114,-0.5
0.11367673179396093,0.0,61,-0.5
0.20707070707070707,0.0,83,1.5
0.16153846153846155,0.0,93,1.0
0.09312977099236641,0.0,62,0.5
0.016423357664233577,0.0,128,0.0
0.0656525220176141,0.0,127,0.0
0.21805392731535755,0.0,14,-3.0
0.021464646464646464,0.0,234,-0.5
0.06682867557715674,0.0,16,-1.0
0.366341713699333,0.0,128,1.0
0.7916083916083916,0.0,58,1.5
0.07451797811360084,1.0,62,-1.0
0.3681936041486603,0.0,111,-1.0
0.1902390438247012,0.0,66,-0.5
0.011363636363636364,1.0,56,0.0
0.1275252525252525,0.0,140,0.5
0.026512968299711816,0.0,128,1.5
0.07025547445255474,0.0,52,-2.0
0.041312272174969626,1.0,60,-0.5
0.10995310057321521,0.0,84,-0.5
0.181391712275215,0.0,142,0.5
0.07997010463378176,1.0,48,0.5
0.011428571428571429,0.0,81,1.0
0.18591101694915255,0.0,55,1.0
0.02828054298642534,0.0,138,-2.0
0.13279678068410464,0.0,312,2.5
0.005780346820809248,0.0,53,0.0
0.15712383488681758,0.0,103,0.0
0.010657193605683837,0.0,42,1.0
0.023880597014925373,1.0,34,1.0
0.04273058884835852,1.0,89,0.0
0.006355932203389831,1.0,401,-0.5
0.008417508417508417,0.0,141,0.5
0.1347678369195923,1.0,131,1.0
0.11592039800995024,0.0,45,-3.0
0.016042780748663103,0.0,211,-1.0
0.005472636815920398,0.0,127,-3.5
0.005643919958953309,0.0,142,0.0
0.03333333333333333,0.0,270,-0.5
0.17391304347826086,1.0,92,1.5
0.23107569721115537,0.0,305,1.5
0.03278688524590164,0.0,284,-1.0
0.12571428571428572,0.0,44,0.0
0.13687782805429866,0.0,148,0.0
0.03634232121922626,0.0,79,0.5
0.0053655264922870555,0.0,160,0.5
0.01430976430976431,0.0,29,1.5
0.040983606557377046,0.0,310,-1.5
0.1349911190053286,0.0,115,-0.5
0.029197080291970802,0.0,70,0.5
0.03260869565217391,0.0,69,0.0
0.04918032786885246,1.0,529,-2.5
0.16552667578659372,0.0,336,0.0
0.346809854706254,0.0,150,1.0
0.03278688524590164,0.0,183,1.0
0.2222222222222222,0.0,105,0.5
0.3484848484848485,0.0,218,0.0
0.24350205198358413,0.0,496,1.0
0.12043795620437957,0.0,726,-1.0
0.15239043824701196,1.0,71,0.0
0.038308457711442784,0.0,396,-1.0
0.06892778993435449,0.0,255,-2.5
0.20459518599562362,0.0,80,0.5
0.25360230547550433,0.0,251,1.0
0.17313432835820897,0.0,31,-2.0
0.5583405358686258,0.0,206,0.0
0.07349665924276169,0.0,110,-1.0
0.10159055926115956,0.0,196,1.5
0.09688013136288999,1.0,58,0.0
0.005633802816901409,0.0,76,0.0
0.0191044776119403,0.0,154,1.5
0.025238095238095237,0.0,247,0.0
0.2152917505030181,1.0,80,0.5
0.022727272727272728,0.0,156,0.5
0.05454545454545454,0.0,160,-1.0
0.15906183368869936,0.0,46,-0.5
0.1307490144546649,0.0,58,0.5
0.3178542834267414,1.0,216,2.0
0.00273224043715847,0.0,267,1.5
0.02737850787132101,0.0,195,0.0
0.15283842794759825,0.0,139,-2.0
0.009249743062692703,0.0,167,0.5
0.06734006734006734,0.0,521,0.5
0.17214397496087636,1.0,81,-0.5
0.005474452554744526,0.0,134,-0.5
0.010101010101010102,0.0,92,-2.5
0.0011940298507462687,0.0,118,0.0
0.010673234811165846,1.0,178,1.5
0.02435253189022033,0.0,301,1.0
0.11544782251437963,0.0,183,-1.5
0.011135857461024499,0.0,250,0.5
0.03768115942028986,0.0,246,-0.5
0.08031674208144797,0.0,410,-0.5
0.01583710407239819,0.0,84,0.0
0.30181283684468396,0.0,292,0.0
0.02501954652071931,0.0,137,0.5
0.11354466858789625,0.0,253,-0.5
0.0043499275012083135,0.0,74,1.0
0.014685314685314685,0.0,177,2.5
0.008391608391608392,0.0,392,0.0
0.015161086544535692,0.0,116,1.0
0.0023446658851113715,0.0,120,-1.5
0.004562043795620438,0.0,112,-1.0
0.16447368421052633,0.0,404,-2.0
0.534629404617254,0.0,199,1.5
0.07482517482517483,0.0,51,1.0
0.024665981500513873,0.0,94,2.5
0.008210180623973728,0.0,147,0.0
0.06818181818181818,0.0,139,1.0
0.06388059701492538,0.0,133,1.5
0.08614564831261101,0.0,99,2.0
0.3541532517707663,0.0,225,0.0
0.0234192037470726,1.0,439,0.0
0.13445378151260504,1.0,195,0.5
0.012206572769953052,0.0,228,-2.0
0.006557377049180328,0.0,370,-2.5
0.02208955223880597,0.0,21,-1.5
0.02609956500724988,0.0,226,0.5
0.05059132720105125,0.0,117,1.5
0.009378663540445486,1.0,40,1.0
0.10476190476190476,0.0,472,-0.5
0.00547302580140735,0.0,455,1.0
0.0171898355754858,0.0,917,-2.5
0.03048065650644783,0.0,909,0.0
0.001644736842105263,0.0,168,0.0
0.017676767676767676,1.0,57,0.5
0.017082785808147174,0.5,874,1.0
0.010180995475113122,0.0,502,-1.0
0.0053655264922870555,0.0,147,1.0
0.014084507042253521,0.0,33,1.0
0.010869565217391304,0.0,101,1.5
0.003552397868561279,0.0,31,0.0
0.025547445255474453,0.0,78,1.0
0.04040404040404041,0.0,122,0.5
0.0012626262626262627,0.0,51,1.0
0.02679343128781331,0.0,187,0.0
0.0010277492291880781,0.0,78,-0.5
0.0072992700729927005,1.0,23,0.5
0.002188183807439825,1.0,110,0.5
0.005291005291005291,1.0,55,0.5
0.000643915003219575,0.0,377,0.5
0.003289473684210526,0.0,116,-1.5
0.007575757575757576,0.0,85,-2.0
0.029197080291970802,0.0,244,-0.5
0.016420361247947456,0.0,162,-3.5
0.0016835016835016834,0.0,63,0.5
0.006839945280437756,0.0,400,-1.0
0.0117096018735363,1.0,254,-2.5
0.04419191919191919,1.0,186,-2.5
0.0034482758620689655,0.0,135,1.0
0.39215686274509803,0.0,159,-2.0
0.02185792349726776,0.0,167,-3.5
0.00823045267489712,0.0,73,-1.0
0.003289473684210526,1.0,74,1.0
0.00546448087431694,0.0,272,-2.0
0.00411522633744856,0.0,114,-2.5
0.00411522633744856,1.0,55,-2.5
0.004366812227074236,0.0,148,-3.0
0.013100436681222707,0.0,469,-2.0
0.017676767676767676,0.0,363,-2.0
0.00273224043715847,0.0,128,-3.5
0.0025252525252525255,0.0,100,1.0
0.004694835680751174,0.0,182,1.0
0.0025252525252525255,0.0,124,0.5
0.008620689655172414,1.0,170,-2.0
0.004694835680751174,1.0,150,-3.0
0.012857142857142857,0.0,116,-1.5
0.001314060446780552,0.0,351,-2.0
0.002628120893561104,1.0,119,0.0
0.00398406374501992,0.0,0,-3.0
0.07523939808481532,1.0,472,-2.0
0.0023446658851113715,1.0,87,0.0
0.0009389671361502347,1.0,741,-2.0
0.07608695652173914,0.0,62,-1.0
0.06535947712418301,0.0,391,-2.5
0.013071895424836602,0.0,417,-4.0
0.006815365551425031,0.0,101,-2.5
0.0005970149253731343,0.0,12,-3.5
0.022535211267605635,0.0,125,-2.5
0.06761107533805538,0.0,7,-4.0
0.010869565217391304,0.0,157,-3.5
0.09826589595375723,0.0,59,-1.0
0.12177985948477751,0.0,44,-2.0
0.017142857142857144,0.0,87,-0.5
0.0038535645472061657,0.0,733,-3.0
0.0011527377521613833,0.0,192,-2.0
0.0010582010582010583,1.0,179,-1.0
0.003652300949598247,0.0,119,1.0
0.02413793103448276,0.5,402,-2.5
0.0012626262626262627,0.0,79,1.5
0.002097902097902098,0.0,25,-0.5
0.2766393442622951,1.0,286,0.0
0.00234192037470726,0.0,34,-3.5
0.003127443315089914,0.0,212,0.5
0.002857142857142857,1.0,74,2.5
0.003278688524590164,0.0,47,1.5
0.0010940919037199124,0.0,8,-1.5
0.03278688524590164,0.0,350,1.5
0.00546448087431694,0.0,282,0.0
0.011312217194570135,0.0,61,1.0
0.0004210526315789474,0.0,169,-0.5
0.010869565217391304,0.0,55,0.0
0.0010277492291880781,0.0,175,0.0
0.0008210180623973727,1.0,318,-0.5
0.003942181340341655,0.0,111,1.0
0.0199501246882793,1.0,127,-1.0
0.0036429872495446266,1.0,292,1.5
0.009575923392612859,0.0,72,1.0
0.0029218407596785976,1.0,191,1.0
0.006535947712418301,1.0,512,0.5
0.01936026936026936,0.0,334,0.0
0.0028169014084507044,0.0,130,1.0
0.015047879616963064,1.0,144,0.5
0.03292181069958848,0.0,188,0.5
0.072992700729927,0.0,104,-2.0
0.019672131147540985,0.0,272,2.0
0.014084507042253521,1.0,336,0.5
0.002628120893561104,1.0,250,0.0
0.01639344262295082,0.0,117,1.0
0.013071895424836602,0.0,146,0.0
0.02336448598130841,0.0,194,-1.0
0.0013679890560875513,0.0,86,2.0
0.0411522633744856,0.0,144,0.5
0.01639344262295082,0.0,300,-1.0
0.000966183574879227,0.0,342,-2.5
0.009345794392523364,0.0,98,1.0
0.005474452554744526,1.0,18,0.0
0.0028169014084507044,0.0,268,-3.0
0.004232804232804233,0.0,198,0.0
0.0025252525252525255,1.0,177,-2.0
0.0008417508417508417,0.0,261,0.0
0.0020554984583761563,1.0,95,-0.5
0.12853907134767836,0.0,498,-2.0
0.03129890453834116,1.0,467,-0.5
0.001564945226917058,0.0,190,-0.5
0.0014925373134328358,1.0,91,-2.0
0.0030534351145038168,0.0,137,-0.5
0.006896551724137931,0.0,400,1.5
0.0036477331943720686,0.0,104,-1.5
0.006578947368421052,0.0,202,-1.5
0.00819672131147541,1.0,33,3.5
0.006535947712418301,1.0,68,-2.5
0.0025252525252525255,1.0,20,-1.0
0.005185825410544511,0.0,411,-3.0
0.0011723329425556857,0.0,108,1.0
0.0006993006993006993,0.0,347,1.0
0.002188183807439825,0.0,102,0.0
0.03260869565217391,0.0,335,-3.0
0.010869565217391304,0.0,112,-1.0
0.22826086956521738,0.0,202,0.0
0.03103448275862069,0.0,101,-0.5
0.009836065573770493,0.0,236,-1.0
0.00199203187250996,1.0,137,-2.0
0.004524886877828055,1.0,333,-1.0
0.006535947712418301,0.0,74,0.0
0.0020491803278688526,0.0,121,1.0
0.00819672131147541,0.0,96,2.5
0.0080545229244114,0.0,345,0.0
0.021249195106245976,0.0,102,0.5
0.02483564645726808,1.0,117,-0.5
0.06297056810403832,1.0,685,-0.5
0.030095759233926128,0.0,187,-1.0
0.013157894736842105,1.0,199,2.0
0.21149897330595482,0.0,215,-0.5
0.32056892778993434,1.0,329,-1.0
0.040390590324012425,1.0,603,0.0
0.1583442838370565,0.0,251,0.5
0.8967193195625759,0.0,59,-3.0
0.5161616161616162,0.0,318,-0.5
0.3143939393939394,0.0,105,0.0
0.012311901504787962,0.0,37,-0.5
0.005892255892255892,0.0,251,0.5
0.5428342674139311,0.0,82,-1.5
0.05202312138728324,1.0,45,0.5
0.09539473684210527,1.0,148,0.5
0.040983606557377046,0.0,42,1.0
0.006726457399103139,0.0,135,-2.0
0.030303030303030304,0.0,141,1.0
0.014598540145985401,1.0,110,-0.5
0.017385705086928525,1.0,26,0.0
0.13114754098360656,0.0,9,0.5
0.15271493212669685,0.0,360,0.0
0.24757056918093476,0.0,110,-2.0
0.20352564102564102,1.0,171,0.5
0.017241379310344827,0.0,84,-1.0
0.10161542470036478,0.0,88,0.5
0.11888111888111888,0.0,53,0.0
0.17903930131004367,0.0,115,-0.5
0.061968408262454436,0.0,186,-0.5
0.1465172137710168,1.0,62,0.0
0.05943474646716542,0.0,135,0.5
0.25821596244131456,1.0,109,1.0
0.03428571428571429,0.0,148,-1.0
0.11054958938723942,1.0,77,0.0
0.053864168618266976,1.0,77,-0.5
0.11475409836065574,0.0,134,-0.5
0.08637469586374696,1.0,78,1.0
0.020202020202020204,0.0,8,-0.5
0.18946350894151764,1.0,452,0.5
0.03283582089552239,0.0,294,1.5
0.26059850374064836,0.0,171,0.0
0.19037199124726478,0.0,501,3.0
0.015047879616963064,0.0,489,-2.5
0.08821635544108178,0.0,958,-1.0
0.008048289738430584,0.0,63,0.0
0.0020491803278688526,0.0,44,-1.0
0.0010940919037199124,1.0,111,-0.5
0.011940298507462687,0.0,13,1.5
0.5009633911368016,0.0,29,-1.0
0.08571428571428572,0.0,176,0.5
0.006166495375128468,0.0,181,1.0
0.00950734658599827,1.0,50,-0.5
0.006349206349206349,0.0,99,-3.0
0.0009124087591240876,0.0,210,-0.5
0.01639344262295082,0.0,247,-0.5
0.006557377049180328,0.0,514,-2.0
0.0546448087431694,0.0,25,0.0
0.0025252525252525255,1.0,284,-1.5
0.013071895424836602,0.0,241,-2.0
0.002142857142857143,0.0,22,-1.5
0.03333333333333333,0.0,52,0.5
0.0009389671361502347,1.0,184,2.0
0.001563721657544957,0.0,256,0.5
0.017241379310344827,1.0,52,-2.0
0.0015889830508474577,0.0,245,-0.5
0.0036496350364963502,0.0,190,1.5
0.00432152117545376,1.0,209,0.0
0.01532399299474606,0.0,175,1.0
0.04225352112676056,0.0,31,1.0
0.029342723004694836,0.0,73,2.5
0.1882770870337478,0.0,253,-1.0
0.0273224043715847,0.0,324,-1.0
0.0900131406044678,0.0,123,0.0
0.3023255813953488,0.0,146,-0.5
0.005843681519357195,0.0,140,-2.0
0.00950734658599827,0.0,37,2.0
0.11706783369803063,0.0,462,0.0
0.0036496350364963502,0.0,234,-0.5
0.04371584699453552,0.0,93,2.5
0.1393008474576271,0.0,175,-1.5
0.01048951048951049,0.0,655,-3.0
0.011702529256323141,0.25,13,0.0
0.04016227180527383,0.0,472,-2.0
0.0066815144766146995,0.0,54,-0.5
0.0019710906701708277,0.0,80,-2.0
0.2459016393442623,0.0,100,0.5
0.14799374674309537,0.0,413,-1.0
0.24733475479744135,0.2,864,-2.5
0.08597285067873303,1.0,174,-1.5
0.016411378555798686,1.0,465,-3.0
0.05474452554744526,1.0,126,0.5
0.16049382716049382,0.0,232,-0.5
0.0351288056206089,0.0,131,1.5
0.010550996483001172,0.0,199,-0.5
0.022727272727272728,0.0,137,1.5
0.09803921568627451,0.0,154,0.5
0.273542600896861,0.0,297,-2.0
0.008223684210526315,0.0,341,-2.5
0.352081811541271,0.0,227,-2.5
0.0328515111695138,0.0,114,0.5
0.0249003984063745,0.0,66,-0.5
0.06438896189224705,0.0,174,-0.5
0.13457330415754923,0.0,214,1.5
0.022137404580152672,0.16666666666666666,201,0.0
0.015517241379310345,0.0,272,-1.0
0.01646090534979424,0.0,211,1.0
0.15944055944055943,0.0,260,0.5
0.24660633484162897,0.0,15,0.0
0.727204783258595,1.0,77,0.0
0.4712121212121212,1.0,100,0.0
0.15267175572519084,0.0,121,1.0
0.11188811188811189,0.0,580,-1.5
0.1154228855721393,0.0,236,-0.5
0.14142335766423358,0.0,31,-0.5
0.19330385344283008,0.0,82,1.0
0.603082851637765,0.0,68,-1.0
0.039655172413793106,0.0,117,0.0
0.1313586606567933,1.0,315,1.5
0.08643042350907519,1.0,335,0.0
0.07519446845289542,0.0,137,2.0
0.014598540145985401,1.0,272,1.5
0.03260869565217391,0.0,169,1.5
0.11427320490367776,0.0,482,0.5
0.044193216855087356,0.0,266,0.0
0.06060606060606061,0.0,222,1.0
0.03428571428571429,1.0,414,-1.5
0.007164179104477612,0.0,272,0.0
0.011861313868613138,0.0,113,1.5
0.07611940298507462,1.0,490,-0.5
0.30434782608695654,1.0,83,0.5
0.21321961620469082,0.0,65,1.0
0.010512483574244415,0.0,554,0.0
0.030679327976625273,1.0,37,-2.5
0.15828303152246814,0.0,130,0.0
0.0029218407596785976,0.0,425,0.0
0.9392466585662211,0.0,65,0.5
0.03362690152121697,0.0,135,1.0
0.4614285714285714,0.0,77,-1.0
0.33401779603011633,0.0,60,1.5
0.2146092865232163,0.0,77,-1.5
0.012519561815336464,0.0,335,0.0
0.06645817044566067,0.0,102,-0.5
0.04163623082542001,0.0,23,0.5
0.04175222450376454,0.0,257,-2.0
0.13432835820895522,0.0,99,0.0
0.032857142857142856,1.0,190,-2.5
0.1757142857142857,0.0,271,0.0
0.02704443013522215,0.0,79,-0.5
0.13114754098360656,0.0,85,0.5
0.06561085972850679,0.0,159,-0.5
0.1699935608499678,0.0,246,0.0
0.26639344262295084,0.0,285,0.0
0.015414258188824663,1.0,183,0.0
0.11585014409221903,0.0,569,-0.5
0.07323568575233022,0.0,70,-3.0
0.28892988929889296,0.0,62,-0.5
0.040371561271882815,0.0,159,-1.5
0.06851642129105323,1.0,144,-0.5
0.016168544830965213,1.0,108,0.5
0.021681997371879105,0.0,451,-1.0
0.9967213114754099,0.0,113,1.0
0.013957307060755337,0.0,123,0.0
0.19708029197080293,0.0,90,-2.5
0.003129890453834116,0.0,89,1.5
0.0035714285714285713,0.0,89,0.0
0.02890932982917214,0.0,276,-1.0
0.012142857142857143,0.0,112,-1.0
0.1457142857142857,0.0,229,1.5
0.07887323943661972,1.0,36,0.5
0.0273224043715847,0.0,42,-0.5
0.004694835680751174,0.0,133,-1.0
0.1958041958041958,0.5,119,2.0
0.35737704918032787,0.0,304,-2.0
0.19107744107744107,0.0,231,-1.5
0.047879616963064295,0.0,98,1.0
0.26095238095238094,0.0,356,0.5
0.0632506004803843,0.0,51,0.5
0.05506709856547894,1.0,26,0.0
0.025252525252525252,0.0,11,0.5
0.2024623803009576,0.0,43,1.0
0.27053140096618356,0.0,259,-2.0
0.32223222322232226,0.0,59,-2.0
0.08274647887323944,0.0,3,0.5
0.002628120893561104,1.0,7,1.0
0.18743961352657004,0.0,188,-1.5
0.08619430241051863,0.0,281,-3.0
0.0031746031746031746,0.0,247,0.0
0.017075306479859893,0.0,37,0.5
0.4540954095409541,0.5,103,1.5
0.006734006734006734,1.0,76,2.0
0.0196078431372549,0.0,882,0.0
0.009345794392523364,0.0,138,0.0
0.11818181818181818,1.0,140,-0.5
0.006557377049180328,0.0,62,-1.5
0.07423580786026202,0.0,388,-2.5
0.014598540145985401,1.0,13,2.0
0.030054644808743168,0.0,89,0.0
0.5486425339366516,0.0,68,-1.0
0.04381846635367762,0.0,148,-1.0
0.14754098360655737,0.0,12,-1.0
0.18721872187218722,0.0,93,-2.0
0.1059322033898305,0.0,65,0.5
0.41655716162943496,1.0,54,1.5
0.006557377049180328,1.0,62,1.5
0.005979073243647235,0.0,39,1.0
0.08720271800679502,0.0,53,-1.0
0.013365735115431349,1.0,120,0.5
0.0739102969046115,1.0,268,-1.0
0.2069672131147541,1.0,120,-0.5
0.2507462686567164,0.0,57,-0.5
0.19827586206896552,1.0,54,1.0
0.05620608899297424,0.0,188,-2.5
0.24482758620689654,0.0,277,0.5
0.09016393442622951,1.0,230,-1.5
0.01564945226917058,0.0,244,0.5
0.08793103448275862,0.25,236,-3.5
0.08853118712273642,0.0,109,1.5
0.22112753147235906,0.6666666666666666,49,0.5
0.07896794370602032,1.0,221,-1.0
0.04827586206896552,0.0,122,0.0
0.049494949494949494,0.0,89,-2.0
0.0366182014001077,0.0,325,-2.0
0.007285974499089253,0.0,363,-2.0
0.044820717131474105,0.0,162,-2.0
0.43897996357012753,0.0,107,-1.0
0.07481751824817519,0.0,94,-0.5
0.5291970802919708,1.0,296,-0.5
0.3770491803278688,0.0,315,1.0
0.07700592353257943,0.0,481,-1.5
0.03959276018099547,0.0,94,-2.0
0.003127443315089914,0.0,431,-1.5
0.01224889759921607,0.0,40,0.0
0.010739102969046115,0.0,217,-1.0
0.024939172749391728,0.0,235,-1.0
0.6967164179104478,1.0,196,-1.5
0.19228764981761334,0.0,179,1.0
0.022857142857142857,0.0,129,0.0
0.253322908522283,0.5,460,-1.0
0.33350703491401773,0.0,79,-1.5
0.009389671361502348,1.0,142,0.0
0.05193532582067614,0.0,141,-1.5
0.011940298507462687,0.0,75,0.0
0.056084656084656084,0.0,74,-1.0
0.07342995169082125,0.0,74,-1.5
0.004689331770222743,0.0,197,0.0
0.8545081967213115,0.0,27,0.0
0.44029850746268656,0.0,125,1.5
0.295,0.0,225,-0.5
0.1105969458583989,0.3333333333333333,35,-1.5
0.08266932270916334,1.0,137,0.0
0.03,0.25,498,0.5
0.06578947368421052,0.0,116,2.5
0.13006300630063006,1.0,145,0.5
0.012750455373406194,0.0,102,-0.5
0.015047879616963064,1.0,156,-1.0
0.038127595318988294,0.3333333333333333,20,0.5
0.3560606060606061,0.0,124,0.5
0.019672131147540985,0.0,177,-2.0
0.004098360655737705,0.0,113,-0.5
0.5206106870229008,0.0,118,1.0
0.025756600128783,0.0,41,1.0
0.009198423127463863,0.0,99,-1.5
0.050788091068301226,0.0,361,1.5
0.0028169014084507044,0.0,154,1.0
0.6809954751131222,0.0,60,1.0
0.9452554744525548,0.0,143,0.5
0.02904040404040404,0.0,200,-0.5
0.04827586206896552,0.0,80,2.0
0.012035010940919038,0.0,54,1.0
0.2065613608748481,1.0,227,0.0
0.0019710906701708277,0.0,516,0.5
0.1217910447761194,0.0,33,1.0
0.01532567049808429,0.0,274,0.0
0.0025929127052722557,1.0,425,-0.5
0.014571948998178506,1.0,43,0.0
0.1865875912408759,0.0,100,0.5
0.04148471615720524,0.0,47,-0.5
0.025547445255474453,0.0,107,-2.0
0.016070124178232285,0.0,186,0.0
0.020656136087484813,0.0,182,0.5
0.1693227091633466,0.0,257,-0.5
0.007907542579075427,0.0,133,-2.5
0.04285714285714286,0.0,78,0.0
0.27443315089913994,0.0,109,-3.0
0.01241782322863404,0.0,164,-0.5
0.00398406374501992,0.0,23,-1.5
0.04477611940298507,0.0,205,-2.5
0.1919047619047619,0.0,145,-2.5
0.010943199583116207,0.0,230,-2.0
0.01154016866400355,0.5,7,-1.0
0.1400718317085685,1.0,94,-3.5
0.03787878787878788,0.0,71,-4.0
0.05365526492287056,0.0,38,2.0
0.02190923317683881,1.0,56,-2.5
0.01947261663286004,0.0,133,1.0
0.13078470824949698,1.0,75,0.5
0.03802938634399308,0.0,124,0.0
0.23857142857142857,0.0,106,-2.5
0.041336353340883356,0.0,205,-3.0
0.037037037037037035,0.0,77,-2.5
0.06358381502890173,0.0,135,-1.5
0.006535947712418301,0.0,169,1.0
0.10227272727272728,0.0,29,1.0
0.2827045565899069,0.0,137,-1.5
0.009389671361502348,0.0,76,0.5
0.04396055875102712,0.3333333333333333,47,-1.5
0.046153846153846156,0.0,183,1.0
0.030687830687830688,0.0,113,-3.0
0.2250942380183091,0.0,88,1.0
0.025190839694656488,1.0,106,-2.5
0.175,0.0,31,0.0
0.05070422535211268,0.0,266,-0.5
0.1885245901639344,0.0,102,0.5
0.02136529442417926,0.0,210,1.0
0.034511784511784514,1.0,281,-2.5
0.13513513513513514,0.0,220,-3.0
0.02391629297458894,0.0,17,0.5
0.13851080864691753,0.0,205,2.0
0.025190839694656488,1.0,165,-1.0
0.14141949152542374,1.0,37,0.5
0.45494895694629384,1.0,92,0.0
0.038010323791647115,0.0,53,1.0
0.15111695137976347,0.5,60,1.5
0.0017605633802816902,0.0,74,-3.0
0.16195255474452555,0.5,100,-1.5
0.39042702956358516,0.5,53,1.5
0.05732484076433121,0.5,12,1.5
0.19117647058823528,0.0,170,2.0
0.11497584541062802,0.0,7,-1.5
0.018214936247723135,0.0,125,-2.0
0.10317002881844381,0.0,84,0.0
0.011116481391976801,0.0,93,1.0
0.0591044776119403,0.0,422,-3.5
0.2189311010946555,0.0,119,1.0
0.14671610169491525,0.0,357,-1.5
0.12454403335070349,0.0,27,1.0
0.17159277504105092,0.0,105,1.0
0.16627634660421545,0.0,25,1.5
0.11698306824012314,0.25,50,1.5
0.031313131313131314,0.0,67,-3.0
0.6095238095238096,1.0,93,1.5
0.045234248788368334,1.0,60,1.5
0.4614285714285714,0.0,28,1.0
0.11200861604738827,1.0,168,0.0
0.10643889618922471,0.0,56,1.0
0.9198055893074119,0.0,157,-1.0
0.1678832116788321,0.0,106,-2.0
0.0577063550036523,0.0,97,0.0
0.022828507795100223,1.0,29,-0.5
0.36509980682549903,0.0,181,0.0
0.2850997262416895,0.0,23,-3.0
0.01094391244870041,0.0,123,-1.5
0.06166495375128469,0.0,124,-1.0
0.03278688524590164,0.0,169,0.0
0.19072769953051644,0.0,39,-1.0
0.005714285714285714,0.0,44,2.0
0.04597701149425287,0.0,36,1.0
0.16253602305475504,0.0,3,0.5
0.15095238095238095,0.0,42,0.0
0.6367713004484304,0.0,245,-3.0
0.03618421052631579,0.0,50,-3.5
0.14352783366867874,0.0,273,-4.0
0.046812749003984064,0.0,407,-2.5
0.0064285714285714285,0.0,339,0.0
0.041278295605858856,0.0,327,1.0
0.02719343252950231,0.0,128,-3.0
0.05014925373134328,1.0,32,-2.5
0.022900763358778626,0.0,127,0.0
0.007285974499089253,0.0,175,-1.5
0.007707129094412331,0.0,172,-1.0
0.052397868561278864,0.0,106,-3.5
0.025064822817631807,0.5,568,0.0
0.30359355638166047,0.0,56,-2.0
0.4674945215485756,0.0,136,-1.0
0.022274325908558032,0.0,211,1.0
0.012295081967213115,0.0,238,0.0
0.14060446780551905,1.0,823,-3.0
0.1421628189550425,0.0,200,1.5
0.025725232621784347,0.0,31,0.0
0.018077239112571898,0.5,115,1.0
0.0818739054290718,0.0,513,-0.5
0.03802938634399308,0.0,85,-1.5
0.07097457627118645,0.0,60,0.5
0.22870556673373574,0.0,34,0.0
0.0994838104176443,0.0,53,0.0
0.035734870317002884,0.0,135,-2.0
0.13263157894736843,0.0,127,1.0
0.06572769953051644,0.0,249,1.0
0.010192525481313703,0.0,141,-2.5
0.008880994671403197,0.0,188,-2.0
0.008955223880597015,0.0,38,1.0
0.7135446685878962,0.0,103,1.0
0.18754277891854895,0.0,128,-2.0
0.2737556561085973,0.0,48,-2.5
0.0018214936247723133,1.0,39,0.0
0.15811088295687886,0.0,10,-3.0
0.2108479755538579,0.0,112,-1.5
0.009107468123861567,1.0,184,1.0
0.06,0.5,1,1.0
0.15066828675577157,1.0,14,1.0
0.3305921052631579,1.0,64,1.5
0.013771186440677966,0.0,137,-0.5
0.04187192118226601,1.0,40,1.0
0.03428571428571429,0.0,341,-3.0
0.012509773260359656,0.0,37,0.5
0.13615023474178403,0.0,55,-1.0
0.037165082108902334,0.0,123,0.0
0.16368876080691644,0.3333333333333333,132,1.5
0.4153386454183267,0.5,99,1.5
0.10035523978685613,0.0,156,1.5
0.015612161051766639,0.0,530,-3.0
0.04918032786885246,0.0,170,1.0
0.07623318385650224,0.0,332,-3.0
0.1694036300777874,0.0,97,1.0
0.05847568988173456,0.0,12,-3.0
0.03755868544600939,0.0,40,0.0
0.01056338028169014,0.0,218,-0.5
0.004105090311986864,1.0,68,0.0
0.04734299516908213,0.0,194,1.0
0.0031779661016949155,0.0,505,-3.0
0.5822368421052632,0.0,122,-1.0
0.0739102969046115,0.0,88,1.0
0.013291634089132134,0.0,57,-1.5
0.014598540145985401,1.0,206,1.0
0.14549180327868852,0.0,19,-1.5
0.003278688524590164,1.0,220,-0.5
0.026573426573426574,1.0,107,1.0
0.047957371225577264,0.0,32,1.5
0.0196078431372549,0.0,79,0.5
0.0205761316872428,0.0,264,1.0
0.10158150851581509,1.0,74,-0.5
0.037848605577689244,0.0,14,-0.5
0.009523809523809525,1.0,521,-2.5
0.11024237685691947,0.0,23,1.0
0.11330049261083744,0.0,185,0.5
0.009389671361502348,1.0,286,-2.0
0.0031779661016949155,1.0,240,0.5
0.5099247091033539,0.0,308,-0.5
0.7002262443438914,0.0,130,-2.0
0.004168837936425221,0.0,32,1.5
0.00199203187250996,1.0,174,-1.0
0.06551059730250482,0.0,139,-1.5
0.1346153846153846,0.0,90,0.5
0.010758776896942242,0.0,258,-2.5
0.10892018779342723,0.0,247,1.5
0.044430135222150675,0.0,423,-2.5
0.06885919835560124,0.0,24,2.0
0.052593133674214754,0.0,177,-1.5
0.7542857142857143,0.0,100,0.5
0.2751322751322751,0.0,119,0.5
0.17639168343393696,1.0,116,-0.5
0.16047087980173483,0.0,44,0.5
0.2883838383838384,0.0,203,-3.0
0.11302895322939867,0.0,196,-1.5
0.09851694915254237,0.0,50,0.0
0.16810007818608289,0.0,258,-4.0
0.18734593262119967,0.0,104,-2.5
0.145985401459854,0.0,34,0.5
0.5466724286949006,0.3333333333333333,200,-1.0
0.023007395234182416,0.0,43,0.5
0.06801152737752161,0.0,6,-2.0
0.003083247687564234,1.0,34,1.0
0.16541978387364922,0.0,71,0.5
0.006259780907668232,0.0,39,-3.5
0.3464052287581699,0.0,77,-1.5
0.16339869281045752,1.0,88,-4.0
0.08743169398907104,0.0,47,-3.5
0.007205764611689352,0.0,23,0.5
0.03938730853391685,0.0,50,-2.0
0.08118254340685124,0.0,37,0.5
0.10591672753834916,0.0,28,2.5
0.05592105263157895,0.0,23,0.0
0.06535947712418301,0.0,29,-3.0
0.06254886630179828,0.0,64,-4.0
0.5722100656455142,0.0,169,-2.0
0.11784511784511785,0.0,0,-1.0
0.008329477093937991,0.0,180,-3.5
0.07772795216741404,0.0,276,1.0
0.09079704190632704,0.0,90,-2.0
0.01564945226917058,0.0,6,1.5
0.02447761194029851,0.0,41,0.0
0.13800904977375567,0.0,283,-2.5
0.00273224043715847,0.0,12,1.0
0.007462686567164179,0.0,137,0.5
0.040735873850197106,0.0,52,-2.5
0.0625,0.0,150,0.0
0.3828867761452031,0.0,20,0.0
0.17424242424242425,1.0,114,0.5
0.17008196721311475,0.0,231,-0.5
0.004672897196261682,0.0,72,1.0
0.030828516377649325,0.0,1,-1.0
0.2040926225094238,0.3333333333333333,716,1.0
0.09953822473063109,0.0,177,1.0
0.17038413878562578,0.0,110,2.5
0.01,0.0,236,1.5
0.10133630289532294,0.5,19,2.5
0.24082421120412106,0.0,45,2.0
0.3111111111111111,0.0,55,-1.0
0.02501954652071931,0.0,89,0.5
0.015561959654178675,0.0,78,-1.5
0.0034965034965034965,0.0,651,-2.0
0.03621052631578947,1.0,98,-2.5
0.0981027302174919,0.0,94,1.5
0.16767922235722965,0.0,49,-1.5
0.028901734104046242,0.0,27,-1.0
0.21781804454511136,0.0,59,0.5
0.024446142093200916,0.0,97,1.0
0.014925373134328358,0.0,282,1.0
0.1259186673199412,0.0,233,-2.5
0.1880781089414183,0.0,81,0.5
0.16266025641025642,0.0,113,0.0
0.012150668286755772,0.0,63,1.0
0.13103721298495646,0.0,22,1.5
0.550328227571116,0.0,56,1.5
0.13726437892701787,0.0,139,1.0
0.08656716417910448,0.0,178,-2.0
0.0032310177705977385,0.0,120,0.0
0.03446418955304254,0.0,53,-2.5
0.009107468123861567,0.0,108,-0.5
0.01348747591522158,0.0,188,1.0
0.06532456861133935,0.0,83,-0.5
0.20684868116612679,0.6666666666666666,118,1.0
0.15597742432016418,0.0,76,0.0
0.017676767676767676,0.0,343,1.5
0.07801094890510948,0.0,57,-0.5
0.023638232271325797,0.0,241,-2.5
0.1643192488262911,0.0,45,0.5
0.3569042316258352,0.6666666666666666,69,1.5
0.09624413145539906,0.0,9,1.0
0.051094890510948905,0.0,48,1.5
0.1233140655105973,1.0,120,1.0
0.30892255892255893,0.0,94,-3.5
0.006844626967830253,0.0,170,1.5
0.015873015873015872,1.0,70,0.0
0.022857142857142857,1.0,98,-4.0
0.08546384222059898,1.0,202,1.5
0.03054755043227666,0.0,55,-2.0
0.009575923392612859,0.0,66,-1.0
0.14109799897383274,0.0,45,-1.5
0.03065134099616858,0.0,11,-1.0
0.0128783000643915,0.0,41,1.0
0.005316578057032383,1.0,90,0.5
0.0072992700729927005,0.0,58,0.0
0.01921537229783827,1.0,165,0.5
0.11892642295233688,1.0,54,1.0
0.05963488843813387,0.0,194,0.0
0.05624764061910155,1.0,77,-3.0
0.004050405040504051,0.0,67,-3.5
0.03287070854638422,1.0,127,1.0
0.2614980289093298,1.0,231,-1.5
0.015416238437821172,1.0,305,0.0
0.23642533936651583,1.0,139,-1.0
0.025900189513581806,0.0,144,0.0
0.039093041438623924,1.0,32,-1.0
0.031478102189781025,0.0,57,0.5
0.15826494724501758,0.0,44,1.0
0.07320506804317221,0.0,85,2.0
0.005970149253731343,1.0,28,-1.0
0.05202312138728324,0.0,107,-2.0
0.029623698959167333,0.0,100,1.0
0.006574141709276844,0.0,125,-3.0
0.08378870673952642,1.0,109,-2.5
0.27045336112558627,0.0,23,-1.0
0.0019267822736030828,0.0,4,-2.5
0.1222707423580786,0.0,205,-1.5
0.21266968325791855,0.0,156,0.0
0.0009124087591240876,0.0,80,0.5
0.10035211267605634,0.0,66,1.5
0.028089887640449437,0.0,87,1.5
0.6465989053948398,0.0,109,-1.0
0.020088192062714356,0.0,136,-3.0
0.02743142144638404,0.0,24,-0.5
0.0897887323943662,1.0,21,1.0
0.06857142857142857,0.0,38,0.5
0.047857142857142855,0.0,57,0.5
0.32140248356464574,0.0,56,1.0
0.21791044776119403,0.0,48,2.0
0.03837953091684435,0.0,59,0.5
0.022339027595269383,0.0,160,2.5
0.17304189435336975,0.0,195,1.0
0.012206572769953052,0.0,69,1.5
0.06772908366533864,0.0,5,2.0
0.03641207815275311,0.0,105,2.0
0.1383893666927287,0.0,65,1.0
0.051643192488262914,0.0,40,1.0
0.27761194029850744,0.0,339,-2.5
0.06557377049180328,1.0,54,1.5
0.06208955223880597,0.0,553,-2.5
0.08695652173913043,1.0,17,0.0
0.03278688524590164,0.0,353,-1.5
0.11019929660023446,0.0,97,0.5
0.18511358144030932,0.0,224,0.0
0.03283173734610123,0.0,207,1.5
0.14182939362795477,0.0,422,1.5
0.008955223880597015,1.0,578,-2.0
0.6305367378843147,0.0,98,-1.0
0.3608316566063045,0.0,80,1.0
0.10180623973727422,0.0,27,-2.5
0.01348747591522158,0.0,46,1.0
0.06763285024154589,0.0,58,1.0
0.16733067729083664,0.0,56,1.0
0.02668034889687019,0.0,168,1.5
0.005780346820809248,0.0,36,2.5
0.0028999516674722086,1.0,29,0.0
0.013071895424836602,0.0,51,0.5
0.0413625304136253,0.0,233,0.5
0.010447761194029851,0.0,61,-1.0
0.007249879168680522,0.0,75,1.0
0.07236842105263158,0.0,92,0.5
0.00423728813559322,0.0,151,-1.5
0.011308562197092083,1.0,68,0.5
0.07752956636005257,0.0,11,-0.5
0.09052711993888464,0.0,95,1.5
0.024875621890547265,0.0,99,-1.5
0.09654889071487263,0.0,42,-3.0
0.019789473684210527,0.0,97,-2.0
0.016421052631578947,0.0,193,-2.5
0.017676767676767676,0.0,42,-1.0
0.0009389671361502347,0.0,323,-2.0
0.03919308357348703,0.0,178,-3.0
0.6174863387978142,0.0,83,0.5
0.16295427901524032,0.0,124,1.0
0.0011737089201877935,0.0,84,0.5
0.12776119402985076,0.0,49,-3.0
0.02053388090349076,1.0,200,-1.0
0.056344928956393925,0.3333333333333333,186,-2.5
0.09853068280034573,0.0,40,-2.5
0.12082405345211582,0.0,19,-2.5
0.6819973718791065,1.0,45,1.0
0.10401459854014598,1.0,87,2.0
0.07097457627118645,0.0,41,-1.0
0.021517553793884484,0.0,15,1.5
0.04090577063550037,0.0,623,-3.0
0.014018691588785047,0.0,129,0.0
0.44551282051282054,0.0,143,0.5
0.08987256874580818,1.0,83,1.0
0.006564551422319475,0.0,7,0.5
0.01092896174863388,1.0,86,0.5
0.003787878787878788,1.0,36,-0.5
0.0437636761487965,0.0,184,1.0
0.02759526938239159,0.0,379,-3.0
0.03025064822817632,0.0,29,-2.5
0.6544535691724573,0.0,129,-1.0
0.14977728285077951,0.0,410,-2.5
0.36990801576872534,0.0,78,-1.0
0.0725635593220339,0.0,51,-3.0
0.013610888710968775,0.0,65,-1.0
0.017676767676767676,0.0,292,-0.5
0.1596244131455399,0.0,245,-0.5
0.16666666666666666,1.0,15,1.0
0.08857142857142856,0.0,40,-3.0
0.015224358974358974,0.0,130,2.0
0.045454545454545456,0.0,70,0.0
0.002628120893561104,0.0,30,0.5
0.15300546448087432,0.0,42,0.0
0.29947089947089944,0.0,332,0.0
0.07468123861566485,0.0,564,-1.0
0.01824817518248175,1.0,314,-2.0
0.03049257232212666,1.0,131,0.0
0.026281208935611037,0.0,280,0.5
0.008695652173913044,0.0,58,0.5
0.0364963503649635,0.0,226,1.0
0.0810071154898741,0.0,43,-1.5
0.006914433880726016,0.0,79,0.5
0.02579132473622509,0.0,60,-2.0
0.1367797522886376,0.0,79,2.0
0.1404303510758777,0.0,70,0.0
0.05637657361795293,0.0,52,-0.5
0.011940298507462687,0.0,137,1.0
0.017867435158501442,0.0,32,1.0
0.2764084507042254,0.0,102,-1.5
0.014571948998178506,0.0,166,-1.0
0.03282828282828283,0.0,101,1.5
0.16328502415458937,0.0,232,0.5
0.028928850664581705,0.0,54,-0.5
0.015414258188824663,0.0,248,-0.5
0.009715994020926755,1.0,150,-0.5
0.049054905490549056,0.0,77,-0.5
0.01576872536136662,0.0,11,0.5
0.01405152224824356,1.0,47,-0.5
0.10597302504816955,0.0,34,1.0
0.006550218340611353,1.0,30,1.5
0.035734870317002884,1.0,202,0.5
0.26104830421377184,1.0,63,-1.0
0.13815789473684212,1.0,240,-2.0
0.10043668122270742,1.0,192,0.5
0.006405124099279423,0.0,195,0.5
0.01056338028169014,1.0,333,0.0
0.4602985074626866,0.0,128,0.0
0.5898580121703854,1.0,600,1.0
0.0014285714285714286,1.0,143,1.5
0.4142335766423358,0.0,152,0.5
0.01824817518248175,1.0,183,1.0
0.05352112676056338,0.0,61,1.0
0.0061570035915854285,0.0,91,0.0
0.4786711966779917,0.0,119,-2.0
0.0153015301530153,0.0,55,-0.5
0.015161086544535692,0.0,93,0.0
0.05621890547263682,0.0,167,0.0
0.018374164810690423,0.0,266,0.5
0.005970149253731343,0.0,129,1.5
0.06551059730250482,0.0,21,0.0
0.009047619047619047,0.0,54,0.0
0.01006036217303823,0.0,41,0.0
0.04562043795620438,0.0,100,0.0
0.038717246773562766,1.0,77,-1.0
0.00523168908819133,0.0,202,0.0
0.14233576642335766,0.0,184,-1.5
0.02622950819672131,1.0,210,0.5
0.06009389671361502,0.0,212,0.0
0.010101010101010102,1.0,89,2.0
0.005291005291005291,1.0,122,0.0
0.045454545454545456,0.0,24,0.0
0.007992895204262877,0.0,73,2.0
0.26384976525821596,1.0,305,0.0
0.1008955223880597,0.0,195,-1.0
0.12,0.0,88,1.0
0.06566347469220246,0.0,142,-2.0
0.6859021183345507,0.0,119,0.5
0.4007142857142857,0.0,57,-0.5
0.014598540145985401,0.0,10,0.5
0.28251748251748254,1.0,310,0.5
0.09113179813816756,1.0,72,1.0
0.00864304235090752,1.0,53,0.5
0.0592401802962009,0.0,349,0.5
0.0583232077764277,0.0,900,1.5
0.009235505387378143,1.0,179,0.0
0.11746031746031746,1.0,237,1.5
0.0008417508417508417,0.0,403,-0.5
0.001644736842105263,0.0,148,0.5
0.10472279260780287,0.0,122,0.0
0.014223194748358862,1.0,105,0.0
0.00819672131147541,0.0,117,-2.5
0.008908685968819599,1.0,151,-2.0
0.013574660633484163,1.0,158,0.0
0.0025929127052722557,0.0,36,0.5
0.15112037519541427,0.0,96,1.5
0.012206572769953052,1.0,92,0.0
0.0022900763358778627,0.0,86,0.0
0.050746268656716415,0.0,16,-1.0
0.5084577114427861,0.0,86,2.0
0.3686131386861314,0.0,173,1.5
0.052095130237825596,0.0,34,1.0
0.016422547714158898,0.0,17,-2.5
0.21715328467153286,0.0,82,1.5
0.03284072249589491,0.0,26,-2.5
0.07761194029850746,0.0,56,1.0
0.007142857142857143,0.0,79,-1.5
0.012509773260359656,0.0,99,0.5
0.014072494669509595,1.0,75,3.0
0.013140604467805518,0.0,195,3.5
0.001563721657544957,0.0,71,1.0
0.011135857461024499,0.0,66,1.5
0.22192513368983957,0.5,69,1.0
0.0040032025620496394,0.0,107,1.0
0.15034744156664562,0.0,104,0.5
0.0014285714285714286,0.0,283,1.5
0.022908366533864542,0.0,233,1.0
0.0905587668593449,0.0,325,3.5
0.2994204764971024,0.0,254,2.0
0.45302593659942364,0.0,128,0.5
0.16178194607268465,1.0,754,-3.0
0.0669877408056042,0.0,203,1.0
0.014200298953662182,1.0,162,1.0
0.4306569343065693,0.0,60,1.0
0.17639168343393696,0.0,84,1.0
0.1685508735868448,0.0,72,-0.5
0.3863912515188335,0.0,340,-2.0
0.10935601458080195,1.0,34,-0.5
0.045454545454545456,0.0,103,1.0
0.07511737089201878,0.0,159,1.5
0.40023474178403756,0.0,409,1.0
0.23124722592099423,0.0,103,-1.0
0.39416058394160586,0.0,342,-3.0
0.2,0.0,326,2.0
0.012509773260359656,0.0,230,0.0
0.1536555142503098,0.0,120,0.5
0.3808080808080808,0.0,79,1.0
0.23834745762711865,1.0,148,1.0
0.28685612788632325,1.0,200,0.0
0.015517241379310345,0.0,62,0.0
0.03556771545827633,0.0,95,0.5
0.010948905109489052,0.0,47,1.0
0.004285714285714286,0.5,384,-2.0
0.013136288998357963,0.0,133,-3.0
0.15666666666666668,0.0,135,-3.0
0.007992895204262877,0.0,72,1.0
0.2676056338028169,0.0,10,-0.5
0.19736842105263158,1.0,359,-2.5
0.1596244131455399,0.0,74,-2.5
0.16666666666666666,1.0,209,0.0
0.14433880726015558,0.0,80,-0.5
0.034352585881464705,0.0,118,2.0
0.05768421052631579,0.0,48,-0.5
0.5373134328358209,1.0,42,-1.5
0.26011560693641617,0.0,47,1.0
0.05737704918032787,0.0,151,-0.5
0.11880597014925373,0.0,101,-0.5
0.06060606060606061,0.0,632,-2.0
0.03342939481268011,0.0,355,1.0
0.043787629994526546,0.0,41,0.0
0.05950266429840142,0.0,65,-2.5
0.36716417910447763,0.0,150,0.5
0.13138686131386862,1.0,136,1.0
0.1905829596412556,0.0,273,-2.0
0.11456483126110124,0.0,207,0.0
0.1136208076659822,0.0,118,0.5
0.09225957779515247,0.0,107,1.0
0.04185447520927238,0.0,111,1.5
0.0419047619047619,0.0,151,-2.0
0.1298101590559261,0.0,114,1.0
0.037037037037037035,0.0,136,-1.5
0.017111567419575632,0.0,63,0.0
0.07151230949589683,0.0,91,0.0
0.0380952380952381,0.0,122,1.5
0.0350109409190372,0.0,399,-0.5
0.0027839643652561247,1.0,109,1.5
0.15111695137976347,0.0,138,-1.0
0.19561815336463223,0.0,438,-3.0
0.09249743062692703,1.0,83,-0.5
0.28776978417266186,0.0,133,1.5
0.04577275175013463,0.0,61,0.0
0.0025252525252525255,0.0,49,-1.5
0.2138157894736842,0.0,36,0.0
0.06569343065693431,1.0,130,-2.5
0.20906068162926017,1.0,104,-2.5
0.19849418206707733,0.0,379,-2.0
0.06523642732049037,0.0,11,3.5
0.019546520719311962,0.0,30,-1.5
0.032846715328467155,1.0,58,-2.5
0.0594679186228482,0.0,44,-1.0
0.05233265720081136,0.0,78,1.0
0.015714285714285715,0.0,143,-1.5
0.23631559078897696,0.0,174,-3.0
0.2006253256904638,0.0,137,-2.0
0.06486042692939245,0.0,102,1.0
0.0017241379310344827,0.0,116,0.0
0.0023446658851113715,0.0,97,1.0
0.29928952042628776,0.0,135,-1.0
0.03961352657004831,0.0,115,1.5
0.11513157894736842,0.0,208,1.5
0.05489994869163674,0.0,237,1.5
0.07377049180327869,0.0,117,1.5
0.07236842105263158,0.0,44,1.0
0.010245901639344262,1.0,79,2.0
0.03985932004689332,0.0,93,1.5
0.024875621890547265,0.0,110,2.0
0.030116358658453114,1.0,20,-2.5
